Найменування банку,Вид рахунку,Номер рахунку,Сума коштів,Партія,Місцева організація,Код ЄДРПОУ осередку,Географічний обʼєкт,Дата,Квартал,Рік,Column
"ПУАТ ""Фідобанк""",поточний рахунок,26002000643903,"131,23",Всеукраїнське об’єднання “Батьківщина”,Центральний офіс,20069956,Україна,2017-03-31,1,2017,
"АБ ""Укргазбанк""",поточний рахунок,26046903289478,"9085,86",Всеукраїнське об’єднання “Батьківщина”,Центральний офіс,20069956,Україна,2017-03-31,1,2017,
"АБ ""Укргазбанк""",поточний рахунок,26007212001988,658,Всеукраїнське об’єднання “Батьківщина”,Центральний офіс,20069956,Україна,2017-03-31,1,2017,
"ПАТ ""Мегабанк""",поточний рахунок,2600426373,0,Всеукраїнське об’єднання “Батьківщина”,Центральний офіс,20069956,Україна,2017-03-31,1,2017,
"ПАТ ""Мегабанк""",рахунок для отримання коштів з Державного бюджету України на фінансування статутної діяльності,2604826373,"3027508,98",Всеукраїнське об’єднання “Батьківщина”,Центральний офіс,20069956,Україна,2017-03-31,1,2017,
"ПУАТ ""Фідобанк""",поточний рахунок,26002000643903,"131,23",Всеукраїнське об’єднання “Батьківщина”,Центральний офіс,20069956,Україна,2017-06-30,2,2017,
"АБ ""Укргазбанк""",поточний рахунок,26046903289478,0,Всеукраїнське об’єднання “Батьківщина”,Центральний офіс,20069956,Україна,2017-06-30,2,2017,
"АБ ""Укргазбанк""",поточний рахунок,26007212001988,0,Всеукраїнське об’єднання “Батьківщина”,Центральний офіс,20069956,Україна,2017-06-30,2,2017,
"ПАТ ""Мегабанк""",поточний рахунок,2600426373,"22167,78",Всеукраїнське об’єднання “Батьківщина”,Центральний офіс,20069956,Україна,2017-06-30,2,2017,
"ПАТ ""Мегабанк""",рахунок для отримання коштів з Державного бюджету України на фінансування статутної діяльності,2604826373,"6265859,4",Всеукраїнське об’єднання “Батьківщина”,Центральний офіс,20069956,Україна,2017-06-30,2,2017,
"ПАТ КБ ""Приватбанк""",поточний рахунок,26009053160853,0,Всеукраїнське об’єднання “Батьківщина”,Рокитнянська районна організація,26078651,Київська область,2017-03-31,1,2017,
"ПАТ КБ ""Приватбанк""",поточний рахунок,26005053153239,0,Всеукраїнське об’єднання “Батьківщина”,Сквирська районна організація,25950665,Київська область,2017-03-31,1,2017,
"ПАТ КБ ""Приватбанк""",поточний рахунок,26004053170161,82,Всеукраїнське об’єднання “Батьківщина”,Ставищенська районна організація,26078716,Київська область,2017-03-31,1,2017,
"ПАТ КБ ""Приватбанк""",поточний рахунок,26004053161352,0,Всеукраїнське об’єднання “Батьківщина”,Тетіївська районна організація,36178843,Київська область,2017-03-31,1,2017,
"АТ ""Ощадбанк""",поточний рахунок,26008300277970,"134,69",Всеукраїнське об’єднання “Батьківщина”,Таращанська районна організація,25822878,Київська область,2017-03-31,1,2017,
"ПАТ ""Укрсоцбанк""",поточний рахунок,26002011951983,0,Всеукраїнське об’єднання “Батьківщина”,Ірпінська міська організація,25951179,Київська область,2017-03-31,1,2017,
"ПАТ КБ ""Приватбанк""",поточний рахунок,26007053168170,0,Всеукраїнське об’єднання “Батьківщина”,Бородянська районна організація,25931580,Київська область,2017-03-31,1,2017,
"АБ ""Укргазбанк""",поточний рахунок,26009212004314,0,Всеукраїнське об’єднання “Батьківщина”,Бориспільська районна організація,25951185,Київська область,2017-03-31,1,2017,
"ПАТ КБ ""Приватбанк""",поточний рахунок,26008053149303,"804,27",Всеукраїнське об’єднання “Батьківщина”,Броварська міська організація,25951446,Київська область,2017-03-31,1,2017,
"АТ ""Ощадбанк""",поточний рахунок,26004300264318,"32,13",Всеукраїнське об’єднання “Батьківщина”,Білоцерківська міська організація,25822507,Київська область,2017-03-31,1,2017,
"ПАТ КБ ""Приватбанк""",поточний рахунок,26008053004103,0,Всеукраїнське об’єднання “Батьківщина”,Білоцерківська районна організація,26002120,Київська область,2017-03-31,1,2017,
"ПАТ КБ ""Приватбанк""",поточний рахунок,26005053001369,0,Всеукраїнське об’єднання “Батьківщина”,Васильківська міська організація,26002114,Київська область,2017-03-31,1,2017,
"ПАТ КБ ""Приватбанк""",поточний рахунок,26001053155833,0,Всеукраїнське об’єднання “Батьківщина”,Васильківська районна організація,25927063,Київська область,2017-03-31,1,2017,
"АБ ""Укргазбанк""",поточний рахунок,26007212004327,69,Всеукраїнське об’єднання “Батьківщина”,Бориспільська міська організація,25951133,Київська область,2017-03-31,1,2017,
"ПАТ ""Ідея Банк""",поточний рахунок,26003300010865,0,Всеукраїнське об’єднання “Батьківщина”,Івано-Франківська обласна організація,25789520,Івано-Франківська область,2017-03-31,1,2017,
"АБ ""Укргазбанк""",поточний рахунок,26007300867,0,Всеукраїнське об’єднання “Батьківщина”,Івано-Франківська обласна організація,25789520,Івано-Франківська область,2017-03-31,1,2017,
"ПАТ КБ ""Приватбанк""",поточний рахунок,26006052720575,"1942,55",Всеукраїнське об’єднання “Батьківщина”,Київська міська організація,21709458,Київ,2017-03-31,1,2017,
"ПАТ КБ ""Приватбанк""",поточний рахунок,26005052755262,"90,61",Всеукраїнське об’єднання “Батьківщина”,Київська міська організація,21709458,Київ,2017-03-31,1,2017,
"АТ ""Райффайзен банк Аваль""",поточний рахунок,26002135487,"60,46",Всеукраїнське об’єднання “Батьківщина”,Київська міська організація,21709458,Київ,2017-03-31,1,2017,
"АТ ""Райффайзен банк Аваль""",поточний рахунок,26007135493,"1116,25",Всеукраїнське об’єднання “Батьківщина”,Київська міська організація,21709458,Київ,2017-03-31,1,2017,
"ПАТ КБ ""Приватбанк""",поточний рахунок,26009052622829,3501,Всеукраїнське об’єднання “Батьківщина”,Солом'янська районна організація,21716903,Київ,2017-03-31,1,2017,
"ПАТ КБ ""Приватбанк""",поточний рахунок,26008052769183,50,Всеукраїнське об’єднання “Батьківщина”,Святошинська районна організація,21716010,Київ,2017-03-31,1,2017,
"ПАТ КБ ""Приватбанк""",поточний рахунок,26008052683834,1,Всеукраїнське об’єднання “Батьківщина”,Дарницька районна організація,21716949,Київ,2017-03-31,1,2017,
"ПАТ КБ ""Приватбанк""",поточний рахунок,26002052614362,"1163,3",Всеукраїнське об’єднання “Батьківщина”,Голосіївська районна організація,21716820,Київ,2017-03-31,1,2017,
"ПАТ КБ ""Приватбанк""",поточний рахунок,26006052619761,"706,65",Всеукраїнське об’єднання “Батьківщина”,Оболонська районна організація,25895860,Київ,2017-03-31,1,2017,
"ПАТ КБ ""Приватбанк""",поточний рахунок,26002052628217,0,Всеукраїнське об’єднання “Батьківщина”,Печерська районна організація,21715915,Київ,2017-03-31,1,2017,
"ПАТ КБ ""Приватбанк""",поточний рахунок,26004312273001,"2942,14",Всеукраїнське об’єднання “Батьківщина”,Кіровоградська обласна організація,24146984,Кіровоградська область,2017-03-31,1,2017,
"ПАТ КБ ""Приватбанк""",поточний рахунок,26004053722722,0,Всеукраїнське об’єднання “Батьківщина”,Старобільська районна організація,34962307,Луганська область,2017-03-31,1,2017,
"ПАТ КБ ""Приватбанк""",поточний рахунок,26005053714488,"1929,8",Всеукраїнське об’єднання “Батьківщина”,Луганська обласна організація,25060552,Луганська область,2017-03-31,1,2017,
"ПАТ КБ ""Приватбанк""",поточний рахунок,26006053726475,0,Всеукраїнське об’єднання “Батьківщина”,Новоайдарська районна організація,36836900,Луганська область,2017-03-31,1,2017,
"АТ ""Ощадбанк""",поточний рахунок,26008300557006,"35,02",Всеукраїнське об’єднання “Батьківщина”,Бориславська міська організація,25258685,Львівська область,2017-03-31,1,2017,
"АТ ""Ощадбанк""",поточний рахунок,26005300558752,"9,95",Всеукраїнське об’єднання “Батьківщина”,Бродівська районна організація,25254434,Львівська область,2017-03-31,1,2017,
"АТ ""Ощадбанк""",поточний рахунок,26000300553893,"161,59",Всеукраїнське об’єднання “Батьківщина”,Буська районна організація,25256924,Львівська область,2017-03-31,1,2017,
"АТ ""Ощадбанк""",поточний рахунок,26001300573537,0,Всеукраїнське об’єднання “Батьківщина”,Галицька районна організація,33921537,Львівська область,2017-03-31,1,2017,
"АТ ""Ощадбанк""",поточний рахунок,26000300560756,"1,12",Всеукраїнське об’єднання “Батьківщина”,Городоцька районна організація,33811878,Львівська область,2017-03-31,1,2017,
"АТ ""Ощадбанк""",поточний рахунок,26006300558740,"1341,42",Всеукраїнське об’єднання “Батьківщина”,Дрогобицька міська організація,25257295,Львівська область,2017-03-31,1,2017,
"АТ ""Ощадбанк""",поточний рахунок,26009300454012,"1879,2",Всеукраїнське об’єднання “Батьківщина”,Дрогобицька районна організація,25257088,Львівська область,2017-03-31,1,2017,
"АТ ""Ощадбанк""",поточний рахунок,26002300561430,"113,24",Всеукраїнське об’єднання “Батьківщина”,Жидачівська районна організація,25252659,Львівська область,2017-03-31,1,2017,
"АТ ""Ощадбанк""",поточний рахунок,26005300562340,"483,36",Всеукраїнське об’єднання “Батьківщина”,Жовківська районна організація,25256485,Львівська область,2017-03-31,1,2017,
"АТ ""Ощадбанк""",поточний рахунок,26006300560545,151,Всеукраїнське об’єднання “Батьківщина”,Залізнична районна організація,33894966,Львівська область,2017-03-31,1,2017,
"ПАТ ""Кредобанк""",поточний рахунок,2600401064845,"557,13",Всеукраїнське об’єднання “Батьківщина”,Золочівська районна організація,25253624,Львівська область,2017-03-31,1,2017,
"АТ ""Ощадбанк""",поточний рахунок,26007300565356,"1087,25",Всеукраїнське об’єднання “Батьківщина”,Кам’янка-Бузька районна організація,25258550,Львівська область,2017-03-31,1,2017,
"АТ ""Ощадбанк""",поточний рахунок,26006300573673,"184,27",Всеукраїнське об’єднання “Батьківщина”,Личаківська районна організація,25255971,Львівська область,2017-03-31,1,2017,
"АТ ""Райффайзен банк Аваль""",поточний рахунок,26009223347,"1978,64",Всеукраїнське об’єднання “Батьківщина”,Львівська обласна організація,25249083,Львівська область,2017-03-31,1,2017,
"АТ ""Ощадбанк""",поточний рахунок,26001300560551,96,Всеукраїнське об’єднання “Батьківщина”,Львівська міська організація,37693380,Львівська область,2017-03-31,1,2017,
"АТ ""Ощадбанк""",поточний рахунок,26006300552940,"122,41",Всеукраїнське об’єднання “Батьківщина”,Миколаївська районна організація,25255505,Львівська область,2017-03-31,1,2017,
"АТ ""Ощадбанк""",поточний рахунок,26009300575333,95,Всеукраїнське об’єднання “Батьківщина”,Моршинська міська організація,33892119,Львівська область,2017-03-31,1,2017,
"АТ ""Ощадбанк""",поточний рахунок,26002300553222,"1472,28",Всеукраїнське об’єднання “Батьківщина”,Новороздільська міська організація,33756901,Львівська область,2017-03-31,1,2017,
"АТ ""Ощадбанк""",поточний рахунок,26001300558013,0,Всеукраїнське об’єднання “Батьківщина”,Перемишлянська районна організація,25258981,Львівська область,2017-03-31,1,2017,
"АТ ""Ощадбанк""",поточний рахунок,26006300560460,"103,62",Всеукраїнське об’єднання “Батьківщина”,Пустомитівська районна організація,25253883,Львівська область,2017-03-31,1,2017,
"АТ ""Ощадбанк""",поточний рахунок,26006300560459,"341,25",Всеукраїнське об’єднання “Батьківщина”,Радехівська районна організація,25259791,Львівська область,2017-03-31,1,2017,
"АТ ""Ощадбанк""",поточний рахунок,26002300562309,"175,51",Всеукраїнське об’єднання “Батьківщина”,Самбірська міська організація,33865132,Львівська область,2017-03-31,1,2017,
"АТ ""Ощадбанк""",поточний рахунок,26001300554169,0,Всеукраїнське об’єднання “Батьківщина”,Самбірська районна організація,33408061,Львівська область,2017-03-31,1,2017,
"АТ ""Ощадбанк""",поточний рахунок,26009300560553,"987,14",Всеукраїнське об’єднання “Батьківщина”,Сихівська районна організація,26307138,Львівська область,2017-03-31,1,2017,
"АТ ""Ощадбанк""",поточний рахунок,26002300562848,1000,Всеукраїнське об’єднання “Батьківщина”,Сколівська районна організація,25257125,Львівська область,2017-03-31,1,2017,
"АТ ""Ощадбанк""",поточний рахунок,26003300165846,"5177,56",Всеукраїнське об’єднання “Батьківщина”,Сокальська районна організація,25257579,Львівська область,2017-03-31,1,2017,
"АТ ""Ощадбанк""",поточний рахунок,26004300570593,20,Всеукраїнське об’єднання “Батьківщина”,Старосамбірська районна організація,25261339,Львівська область,2017-03-31,1,2017,
"АТ ""Ощадбанк""",поточний рахунок,26002300558023,"69,13",Всеукраїнське об’єднання “Батьківщина”,Стрийська міська організація,25254014,Львівська область,2017-03-31,1,2017,
"АТ ""Ощадбанк""",поточний рахунок,26006300560404,"589,82",Всеукраїнське об’єднання “Батьківщина”,Стрийська районна організація,26127011,Львівська область,2017-03-31,1,2017,
"ПАТ КБ ""Приватбанк""",поточний рахунок,2600705372085,"119,19",Всеукраїнське об’єднання “Батьківщина”,Трускавецька міська організація,25255149,Львівська область,2017-03-31,1,2017,
"АТ ""Ощадбанк""",поточний рахунок,260033012203,"130,38",Всеукраїнське об’єднання “Батьківщина”,Турківська районна організація,25259806,Львівська область,2017-03-31,1,2017,
"АТ ""Ощадбанк""",поточний рахунок,26008300566138,0,Всеукраїнське об’єднання “Батьківщина”,Франківська районна організація,25257220,Львівська область,2017-03-31,1,2017,
"АТ ""Ощадбанк""",поточний рахунок,26006300564507,"2947,45",Всеукраїнське об’єднання “Батьківщина”,Яворівська районна організація,25258975,Львівська область,2017-03-31,1,2017,
"ПАТ КБ ""Приватбанк""",поточний рахунок,26001053221668,0,Всеукраїнське об’єднання “Батьківщина”,Миколаївська обласна організація,23405295,Миколаївська область,2017-03-31,1,2017,
"АТ ""Ощадбанк""",поточний рахунок,26008300792424,0,Всеукраїнське об’єднання “Батьківщина”,Миколаївська районна організація,25255505,Миколаївська область,2017-03-31,1,2017,
"ПАТ КБ ""Приватбанк""",поточний рахунок,26000053218304,0,Всеукраїнське об’єднання “Батьківщина”,Первомайська міська організація,26029254,Миколаївська область,2017-03-31,1,2017,
"ПАТ ""Марфін банк""",поточний рахунок,26004251221,"4254,65",Всеукраїнське об’єднання “Батьківщина”,Одеська міська організація,26133589,Одеська область,2017-03-31,1,2017,
"ПАТ КБ ""Приватбанк""",поточний рахунок,26002300724001,0,Всеукраїнське об’єднання “Батьківщина”,Полтавська обласна організація,25784681,Полтавська область,2017-03-31,1,2017,
"АТ ""Ощадбанк""",поточний рахунок,260013012638,"18,97",Всеукраїнське об’єднання “Батьківщина”,Дубенська міська організація,25930378,Рівненська область,2017-03-31,1,2017,
"АТ ""Ощадбанк""",поточний рахунок,26005300004866,15,Всеукраїнське об’єднання “Батьківщина”,Дубенська районна організація,25930792,Рівненська область,2017-03-31,1,2017,
"АТ ""Ощадбанк""",поточний рахунок,26004301975917,"284,21",Всеукраїнське об’єднання “Батьківщина”,Рівненська обласна організація,25797672,Рівненська область,2017-03-31,1,2017,
"ПАТ КБ ""Приватбанк""",поточний рахунок,26004054715319,0,Всеукраїнське об’єднання “Батьківщина”,Рівненська районна організація,25930585,Рівненська область,2017-03-31,1,2017,
"АТ ""Ощадбанк""",поточний рахунок,260063012594,"77,16",Всеукраїнське об’єднання “Батьківщина”,Сарненська районна організація,25930355,Рівненська область,2017-03-31,1,2017,
"ПАТ КБ ""Приватбанк""",поточний рахунок,26004055021988,"3000,34",Всеукраїнське об’єднання “Батьківщина”,Кролевецька районна організація,24016052,Сумська область,2017-03-31,1,2017,
"ПАТ КБ ""Приватбанк""",поточний рахунок,26006055026215,0,Всеукраїнське об’єднання “Батьківщина”,Білопільська районна організація,37158372,Сумська область,2017-03-31,1,2017,
"ПАТ КБ ""Приватбанк""",поточний рахунок,26004055018872,75,Всеукраїнське об’єднання “Батьківщина”,Буринська районна організація,24015940,Сумська область,2017-03-31,1,2017,
"ПАТ КБ ""Приватбанк""",поточний рахунок,26003055022568,0,Всеукраїнське об’єднання “Батьківщина”,Великописарівська районна організація,24016253,Сумська область,2017-03-31,1,2017,
"ПАТ КБ ""Приватбанк""",поточний рахунок,26004055019365,0,Всеукраїнське об’єднання “Батьківщина”,Глухівська міська організація,24015957,Сумська область,2017-03-31,1,2017,
"ПАТ КБ ""Приватбанк""",поточний рахунок,26007055023518,0,Всеукраїнське об’єднання “Батьківщина”,Глухівська районна організація,40572420,Сумська область,2017-03-31,1,2017,
"ПАТ КБ ""Приватбанк""",поточний рахунок,26002055017187,"38,37",Всеукраїнське об’єднання “Батьківщина”,Конотопська міська організація,37052248,Сумська область,2017-03-31,1,2017,
"ПАТ КБ ""Приватбанк""",поточний рахунок,26009055028339,0,Всеукраїнське об’єднання “Батьківщина”,Конотопська районна організація,40782411,Сумська область,2017-03-31,1,2017,
"ПАТ КБ ""Приватбанк""",поточний рахунок,26002055020259,0,Всеукраїнське об’єднання “Батьківщина”,Краснопільська районна організація,24015897,Сумська область,2017-03-31,1,2017,
"ПАТ КБ ""Приватбанк""",поточний рахунок,26004055019183,14,Всеукраїнське об’єднання “Батьківщина”,Лебединська міська організація,37261497,Сумська область,2017-03-31,1,2017,
"ПАТ КБ ""Приватбанк""",поточний рахунок,26003055017283,0,Всеукраїнське об’єднання “Батьківщина”,Лебединська районна організація,37345571,Сумська область,2017-03-31,1,2017,
"ПАТ КБ ""Приватбанк""",поточний рахунок,26004055015693,"307,35",Всеукраїнське об’єднання “Батьківщина”,Охтирська міська організація,24016891,Сумська область,2017-03-31,1,2017,
"ПАТ КБ ""Приватбанк""",поточний рахунок,26004055024112,0,Всеукраїнське об’єднання “Батьківщина”,Путивльська районна організація,24016230,Сумська область,2017-03-31,1,2017,
"ПАТ КБ ""Приватбанк""",поточний рахунок,26002055023018,0,Всеукраїнське об’єднання “Батьківщина”,Роменська міська організація,24015986,Сумська область,2017-03-31,1,2017,
"ПАТ КБ ""Приватбанк""",поточний рахунок,26002055019839,"274,14",Всеукраїнське об’єднання “Батьківщина”,Сумська міська організація,24016224,Сумська область,2017-03-31,1,2017,
"ПАТ КБ ""Приватбанк""",поточний рахунок,26009055022131,347,Всеукраїнське об’єднання “Батьківщина”,Сумська обласна організація,24011118,Сумська область,2017-03-31,1,2017,
"ПАТ КБ ""Приватбанк""",поточний рахунок,26000055019972,4,Всеукраїнське об’єднання “Батьківщина”,Сумська районна організація,36234682,Сумська область,2017-03-31,1,2017,
"ПАТ КБ ""Приватбанк""",поточний рахунок,26004055024372,0,Всеукраїнське об’єднання “Батьківщина”,Тростянецька районна організація,25962237,Сумська область,2017-03-31,1,2017,
"ПАТ КБ ""Приватбанк""",поточний рахунок,26000055023775,0,Всеукраїнське об’єднання “Батьківщина”,Шосткинська міська організація,24015880,Сумська область,2017-03-31,1,2017,
"ПАТ КБ ""Приватбанк""",поточний рахунок,26005050023327,0,Всеукраїнське об’єднання “Батьківщина”,Шосткинська районна організація,24016322,Сумська область,2017-03-31,1,2017,
"АТ ""Ощадбанк""",поточний рахунок,26003300631379,0,Всеукраїнське об’єднання “Батьківщина”,Бережанська районна організація,25782162,Тернопільська область,2017-03-31,1,2017,
"ПАТ КБ ""Приватбанк""",поточний рахунок,26008055115013,0,Всеукраїнське об’єднання “Батьківщина”,Борщівська районна організація,25887702,Тернопільська область,2017-03-31,1,2017,
"АТ ""Ощадбанк""",поточний рахунок,26006300633158,0,Всеукраїнське об’єднання “Батьківщина”,Збаразька районна організація,26024423,Тернопільська область,2017-03-31,1,2017,
"ПАТ КБ ""Приватбанк""",поточний рахунок,26005055114158,0,Всеукраїнське об’єднання “Батьківщина”,Монастириська районна організація,25782392,Тернопільська область,2017-03-31,1,2017,
"АТ ""Ощадбанк""",поточний рахунок,26002300631820,0,Всеукраїнське об’єднання “Батьківщина”,Підволочиська районна організація,25782110,Тернопільська область,2017-03-31,1,2017,
"ПАТ КБ ""Приватбанк""",поточний рахунок,26007055117807,0,Всеукраїнське об’єднання “Батьківщина”,Тернопільська міська організація,25888021,Тернопільська область,2017-03-31,1,2017,
"АТ ""Райффайзен банк Аваль""",поточний рахунок,26005209741,"2,71",Всеукраїнське об’єднання “Батьківщина”,Тернопільська обласна організація,25781561,Тернопільська область,2017-03-31,1,2017,
"АТ ""Райффайзен банк Аваль""",поточний рахунок,26009378667,"6850,14",Всеукраїнське об’єднання “Батьківщина”,Харківська обласна організація,25792203,Харківська область,2017-03-31,1,2017,
"ПАТ КБ ""Приватбанк""",поточний рахунок,26007052205592,"31,5",Всеукраїнське об’єднання “Батьківщина”,Херсонська обласна організація,25801864,Херсонська область,2017-03-31,1,2017,
"ПАТ КБ ""Приватбанк""",поточний рахунок,2600705052200724,0,Всеукраїнське об’єднання “Батьківщина”,Херсонська міська організація,25801563,Херсонська область,2017-03-31,1,2017,
"ПАТ КБ ""Приватбанк""",поточний рахунок,26006052428332,"28,85",Всеукраїнське об’єднання “Батьківщина”,Волочиська районна організація,25889569,Хмельницька область,2017-03-31,1,2017,
"ПАТ КБ ""Приватбанк""",поточний рахунок,26053052417705,0,Всеукраїнське об’єднання “Батьківщина”,Волочиська районна організація,25889569,Хмельницька область,2017-03-31,1,2017,
"ПАТ ""Укрсоцбанк""",поточний рахунок,26003011977193,0,Всеукраїнське об’єднання “Батьківщина”,Городоцька районна організація,33811878,Хмельницька область,2017-03-31,1,2017,
"ПАТ КБ ""Приватбанк""",поточний рахунок,26001052404469,0,Всеукраїнське об’єднання “Батьківщина”,Кам’янець-Подільська міська організація,25889575,Хмельницька область,2017-03-31,1,2017,
"ПАТ КБ ""Приватбанк""",поточний рахунок,26058052403532,0,Всеукраїнське об’єднання “Батьківщина”,Кам’янець-Подільська міська організація,25889575,Хмельницька область,2017-03-31,1,2017,
"ПАТ КБ ""Приватбанк""",поточний рахунок,26004060713406,0,Всеукраїнське об’єднання “Батьківщина”,Кам'янець-Подільська районна організація,25889552,Хмельницька область,2017-03-31,1,2017,
"ПАТ КБ ""Приватбанк""",поточний рахунок,26052060682051,0,Всеукраїнське об’єднання “Батьківщина”,Кам'янець-Подільська районна організація,25889552,Хмельницька область,2017-03-31,1,2017,
"ПАТ КБ ""Приватбанк""",поточний рахунок,26005052300224,0,Всеукраїнське об’єднання “Батьківщина”,Летичівська районна організація,25879275,Хмельницька область,2017-03-31,1,2017,
"АТ ""Ощадбанк""",поточний рахунок,26008300794908,"76,29",Всеукраїнське об’єднання “Батьківщина”,Нетішинська міська організація,25835036,Хмельницька область,2017-03-31,1,2017,
"ПАТ КБ ""Приватбанк""",поточний рахунок,26004052300441,"0,62",Всеукраїнське об’єднання “Батьківщина”,Полонська районна організація,25834901,Хмельницька область,2017-03-31,1,2017,
"ПАТ КБ ""Приватбанк""",поточний рахунок,26000052300241,0,Всеукраїнське об’єднання “Батьківщина”,Славутська міська організація,25834887,Хмельницька область,2017-03-31,1,2017,
"ПАТ КБ ""Приватбанк""",поточний рахунок,26006052303480,"77,88",Всеукраїнське об’єднання “Батьківщина”,Славутська районна організація,25889581,Хмельницька область,2017-03-31,1,2017,
"ПАТ КБ ""Приватбанк""",поточний рахунок,26005052424133,0,Всеукраїнське об’єднання “Батьківщина”,Старокостянтинівська міська організація,25834673,Хмельницька область,2017-03-31,1,2017,
"ПАТ КБ ""Приватбанк""",поточний рахунок,26000052404545,"103,4",Всеукраїнське об’єднання “Батьківщина”,Теофіпольська районна організація,25834657,Хмельницька область,2017-03-31,1,2017,
"ПАТ ""Укрсоцбанк""",поточний рахунок,26004011542602,"267,6",Всеукраїнське об’єднання “Батьківщина”,Хмельницька міська організація,25879370,Хмельницька область,2017-03-31,1,2017,
"ПАТ ""Укрсоцбанк""",поточний рахунок,26052011661245,0,Всеукраїнське об’єднання “Батьківщина”,Хмельницька міська організація,25879370,Хмельницька область,2017-03-31,1,2017,
"АТ ""Ощадбанк""",поточний рахунок,26008300794470,"18,99",Всеукраїнське об’єднання “Батьківщина”,Хмельницька обласна організація,22777686,Хмельницька область,2017-03-31,1,2017,
"ПАТ КБ ""Приватбанк""",поточний рахунок,26003052405336,0,Всеукраїнське об’єднання “Батьківщина”,Шепетівська міська організація,25993226,Хмельницька область,2017-03-31,1,2017,
"ПАТ КБ ""Приватбанк""",поточний рахунок,26001052314656,0,Всеукраїнське об’єднання “Батьківщина”,Ярмолинецька районна організація,25834150,Хмельницька область,2017-03-31,1,2017,
"ПАТ КБ ""Приватбанк""",поточний рахунок,26003051530657,0,Всеукраїнське об’єднання “Батьківщина”,Придніпровська районна організація,40860122,Черкаська область,2017-03-31,1,2017,
"ПАТ КБ ""Приватбанк""",поточний рахунок,260011051524483,"7531,56",Всеукраїнське об’єднання “Батьківщина”,Черкаська міська організація,25947918,Черкаська область,2017-03-31,1,2017,
"ПАТ КБ ""Приватбанк""",поточний рахунок,26003051521053,"54,03",Всеукраїнське об’єднання “Батьківщина”,Черкаська обласна організація,25770087,Черкаська область,2017-03-31,1,2017,
"ПАТ КБ ""Приватбанк""",поточний рахунок,26434051400894,0,Всеукраїнське об’єднання “Батьківщина”,Козелецька районна організація,25623363,Чернігівська область,2017-03-31,1,2017,"в первинних звітах рахунок не вказаний, брала з local, в другому кварталі є тільки рахунок виборчого фонду"
"АТ ""Ощадбанк""",поточний рахунок,26426300064297,0,Всеукраїнське об’єднання “Батьківщина”,Менська районна організація,25786266,Чернігівська область,2017-03-31,1,2017,"в первинних звітах рахунок не вказаний, брала з local"
"ПАТ КБ ""Приватбанк""",поточний рахунок,26009050016918,"221,52",Всеукраїнське об’єднання “Батьківщина”,Чернігівська обласна організація,25785516,Чернігівська область,2017-03-31,1,2017,
"ПАТ КБ ""Приватбанк""",поточний рахунок,26003050016077,0,Всеукраїнське об’єднання “Батьківщина”,Амур-Нижньодніпровська районна організація,25841373,Дніпропетровська область,2017-03-31,1,2017,
"ПАТ КБ ""Приватбанк""",поточний рахунок,26004050014885,0,Всеукраїнське об’єднання “Батьківщина”,Амур-Нижньодніпровська районна організація,25841373,Дніпропетровська область,2017-03-31,1,2017,
"ПАТ КБ ""Приватбанк""",поточний рахунок,26085000842208,0,Всеукраїнське об’єднання “Батьківщина”,Амур-Нижньодніпровська районна організація,25841373,Дніпропетровська область,2017-03-31,1,2017,
"ПАТ КБ ""Приватбанк""",поточний рахунок,26005053525144,0,Всеукраїнське об’єднання “Батьківщина”,Апостолівська районна організація,25839264,Дніпропетровська область,2017-03-31,1,2017,
"ПАТ КБ ""Приватбанк""",поточний рахунок,26007050293540,0,Всеукраїнське об’єднання “Батьківщина”,Верхньодніпровська районна організація,25947108,Дніпропетровська область,2017-03-31,1,2017,
"ПАТ КБ ""Приватбанк""",поточний рахунок,26006050268468,0,Всеукраїнське об’єднання “Батьківщина”,Вільногірська міська організація,25841321,Дніпропетровська область,2017-03-31,1,2017,
"ПАТ КБ ""Приватбанк""",поточний рахунок,26006050274753,97,Всеукраїнське об’єднання “Батьківщина”,Дніпровська міська організація,25841338,Дніпропетровська область,2017-03-31,1,2017,
"ПАТ КБ ""Приватбанк""",поточний рахунок,26058050234150,0,Всеукраїнське об’єднання “Батьківщина”,Дніпровська міська організація,25841338,Дніпропетровська область,2017-03-31,1,2017,
"ПАТ КБ ""Приватбанк""",поточний рахунок,26001050305768,0,Всеукраїнське об’єднання “Батьківщина”,Дніпровська районна організація,26051242,Дніпропетровська область,2017-03-31,1,2017,
"ПАТ КБ ""Приватбанк""",поточний рахунок,2641050223037,0,Всеукраїнське об’єднання “Батьківщина”,Дніпровська районна організація,26051242,Дніпропетровська область,2017-03-31,1,2017,
"ПАТ КБ ""Приватбанк""",поточний рахунок,26059050234665,0,Всеукраїнське об’єднання “Батьківщина”,Дніпровська районна організація,26051242,Дніпропетровська область,2017-03-31,1,2017,
"ПАТ КБ ""Приватбанк""",поточний рахунок,26009050272707,0,Всеукраїнське об’єднання “Батьківщина”,Дніпровська районна організація,26051242,Дніпропетровська область,2017-03-31,1,2017,
"ПАТ ""ВТБ Банк""",поточний рахунок,26007010037108,0,Всеукраїнське об’єднання “Батьківщина”,Дніпропетровська обласна організація,25788756,Дніпропетровська область,2017-03-31,1,2017,
"ПАТ КБ ""Приватбанк""",поточний рахунок,26006053520115,0,Всеукраїнське об’єднання “Батьківщина”,Довгинцівська районна організація,25841232,Дніпропетровська область,2017-03-31,1,2017,
"ПАТ КБ ""Приватбанк""",поточний рахунок,26001050273533,0,Всеукраїнське об’єднання “Батьківщина”,Жовтоводська міська організація,25841344,Дніпропетровська область,2017-03-31,1,2017,
"ПАТ КБ ""Приватбанк""",поточний рахунок,26004050270340,0,Всеукраїнське об’єднання “Батьківщина”,Заводська районна організація,25956805,Дніпропетровська область,2017-03-31,1,2017,
"ПАТ КБ ""Приватбанк""",поточний рахунок,26001053514171,0,Всеукраїнське об’єднання “Батьківщина”,Інгулецька районна організація,26051259,Дніпропетровська область,2017-03-31,1,2017,
"ПАТ КБ ""Приватбанк""",поточний рахунок,26005050279016,0,Всеукраїнське об’єднання “Батьківщина”,Індустріальна районна організація,25841686,Дніпропетровська область,2017-03-31,1,2017,
"ПАТ КБ ""Приватбанк""",поточний рахунок,26005050261660,0,Всеукраїнське об’єднання “Батьківщина”,Кам’янська міська організація,25841723,Дніпропетровська область,2017-03-31,1,2017,
"ПАТ КБ ""Приватбанк""",поточний рахунок,26002053513104,0,Всеукраїнське об’єднання “Батьківщина”,Криворізька міська організація,25840741,Дніпропетровська область,2017-03-31,1,2017,
"ПАТ КБ ""Приватбанк""",поточний рахунок,26000053511517,0,Всеукраїнське об’єднання “Батьківщина”,Криворізька районна організація,33453643,Дніпропетровська область,2017-03-31,1,2017,
"ПАТ КБ ""Приватбанк""",поточний рахунок,26008050277361,0,Всеукраїнське об’єднання “Батьківщина”,Марганецька міська організація,25841350,Дніпропетровська область,2017-03-31,1,2017,
"ПАТ КБ ""Приватбанк""",поточний рахунок,26009053512250,0,Всеукраїнське об’єднання “Батьківщина”,Металургійна районна організація,25841226,Дніпропетровська область,2017-03-31,1,2017,
"ПАТ КБ ""Приватбанк""",поточний рахунок,26007050277920,0,Всеукраїнське об’єднання “Батьківщина”,Нікопольська міська організація,25841367,Дніпропетровська область,2017-03-31,1,2017,
"ПАТ КБ ""Приватбанк""",поточний рахунок,26007050262935,0,Всеукраїнське об’єднання “Батьківщина”,Нікопольська районна організація,25841717,Дніпропетровська область,2017-03-31,1,2017,
"ПАТ КБ ""Приватбанк""",поточний рахунок,26009050011474,0,Всеукраїнське об’єднання “Батьківщина”,Новокодацька районна організація,25841440,Дніпропетровська область,2017-03-31,1,2017,осередка немає в local
"ПАТ КБ ""Приватбанк""",поточний рахунок,26080000706598,0,Всеукраїнське об’єднання “Батьківщина”,Новокодацька районна організація,25841440,Дніпропетровська область,2017-03-31,1,2017,
"ПАТ КБ ""Приватбанк""",поточний рахунок,26007050011982,0,Всеукраїнське об’єднання “Батьківщина”,Новокодацька районна організація,25841440,Дніпропетровська область,2017-03-31,1,2017,
"ПАТ КБ ""Приватбанк""",поточний рахунок,26006050271961,0,Всеукраїнське об’єднання “Батьківщина”,Новомосковська міська організація,25841700,Дніпропетровська область,2017-03-31,1,2017,
"ПАТ КБ ""Приватбанк""",поточний рахунок,26421050000126,0,Всеукраїнське об’єднання “Батьківщина”,Новомосковська міська організація,25841700,Дніпропетровська область,2017-03-31,1,2017,
"ПАТ КБ ""Приватбанк""",поточний рахунок,26421050000966,0,Всеукраїнське об’єднання “Батьківщина”,Новомосковська міська організація,25841700,Дніпропетровська область,2017-03-31,1,2017,
"ПАТ КБ ""Приватбанк""",поточний рахунок,26007050267479,0,Всеукраїнське об’єднання “Батьківщина”,Новомосковська районна організація,26051168,Дніпропетровська область,2017-03-31,1,2017,
"ПАТ КБ ""Приватбанк""",поточний рахунок,26004050280987,0,Всеукраїнське об’єднання “Батьківщина”,Новомосковська районна організація,26051168,Дніпропетровська область,2017-03-31,1,2017,
"ПАТ КБ ""Приватбанк""",поточний рахунок,26048050219260,0,Всеукраїнське об’єднання “Батьківщина”,Новомосковська районна організація,26051168,Дніпропетровська область,2017-03-31,1,2017,
"ПАТ КБ ""Приватбанк""",поточний рахунок,26054050237667,0,Всеукраїнське об’єднання “Батьківщина”,Новомосковська районна організація,26051168,Дніпропетровська область,2017-03-31,1,2017,
"ПАТ КБ ""Приватбанк""",поточний рахунок,26081000739906,0,Всеукраїнське об’єднання “Батьківщина”,Новомосковська районна організація,26051168,Дніпропетровська область,2017-03-31,1,2017,
"ПАТ КБ ""Приватбанк""",поточний рахунок,26007050256480,"62,28",Всеукраїнське об’єднання “Батьківщина”,Павлоградська міська організація,25914043,Дніпропетровська область,2017-03-31,1,2017,
"ПАТ КБ ""Приватбанк""",поточний рахунок,26004050322210,0,Всеукраїнське об’єднання “Батьківщина”,Першотравенська міська організація,34357170,Дніпропетровська область,2017-03-31,1,2017,
"ПАТ КБ ""Приватбанк""",поточний рахунок,26055050245012,0,Всеукраїнське об’єднання “Батьківщина”,Першотравенська міська організація,34357170,Дніпропетровська область,2017-03-31,1,2017,
"ПАТ КБ ""Приватбанк""",поточний рахунок,26042050209403,0,Всеукраїнське об’єднання “Батьківщина”,Першотравенська міська організація,34357170,Дніпропетровська область,2017-03-31,1,2017,
"ПАТ КБ ""Приватбанк""",поточний рахунок,26002050281483,19,Всеукраїнське об’єднання “Батьківщина”,Петриківська районна організація,25914072,Дніпропетровська область,2017-03-31,1,2017,
"ПАТ КБ ""Приватбанк""",поточний рахунок,26050050236316,0,Всеукраїнське об’єднання “Батьківщина”,Петриківська районна організація,25914072,Дніпропетровська область,2017-03-31,1,2017,
"ПАТ КБ ""Приватбанк""",поточний рахунок,26088000564185,0,Всеукраїнське об’єднання “Батьківщина”,Петриківська районна організація,25914072,Дніпропетровська область,2017-03-31,1,2017,
"ПАТ КБ ""Приватбанк""",поточний рахунок,26008050261407,0,Всеукраїнське об’єднання “Батьківщина”,Петриківська районна організація,25914072,Дніпропетровська область,2017-03-31,1,2017,
"ПАТ КБ ""Приватбанк""",поточний рахунок,26003050273177,0,Всеукраїнське об’єднання “Батьківщина”,Південна районна організація,25956774,Дніпропетровська область,2017-03-31,1,2017,
"ПАТ КБ ""Приватбанк""",поточний рахунок,26002050274326,0,Всеукраїнське об’єднання “Батьківщина”,Покровська міська організація,25841692,Дніпропетровська область,2017-03-31,1,2017,
"ПАТ КБ ""Приватбанк""",поточний рахунок,26040050209977,0,Всеукраїнське об’єднання “Батьківщина”,Покровська міська організація,25841692,Дніпропетровська область,2017-03-31,1,2017,
"ПАТ КБ ""Приватбанк""",поточний рахунок,26055050232735,0,Всеукраїнське об’єднання “Батьківщина”,Покровська міська організація,25841692,Дніпропетровська область,2017-03-31,1,2017,
"ПАТ КБ ""Приватбанк""",поточний рахунок,26001053515374,0,Всеукраїнське об’єднання “Батьківщина”,Покровська районна організація,33759750,Дніпропетровська область,2017-03-31,1,2017,
"ПАТ КБ ""Приватбанк""",поточний рахунок,26000053514525,0,Всеукраїнське об’єднання “Батьківщина”,Саксаганська районна організація,25956780,Дніпропетровська область,2017-03-31,1,2017,
"ПАТ КБ ""Приватбанк""",поточний рахунок,26003050276969,97,Всеукраїнське об’єднання “Батьківщина”,Самарська районна організація,25841456,Дніпропетровська область,2017-03-31,1,2017,
"ПАТ КБ ""Приватбанк""",поточний рахунок,26007050275029,0,Всеукраїнське об’єднання “Батьківщина”,Синельниківська районна організація,25914057,Дніпропетровська область,2017-03-31,1,2017,
"ПАТ КБ ""Приватбанк""",поточний рахунок,26008050318275,0,Всеукраїнське об’єднання “Батьківщина”,Синельниківська міська організація,25927092,Дніпропетровська область,2017-03-31,1,2017,
"ПАТ КБ ""Приватбанк""",поточний рахунок,26008050272690,0,Всеукраїнське об’єднання “Батьківщина”,Соборна районна організація,25841396,Дніпропетровська область,2017-03-31,1,2017,
"АТ ""Ощадбанк""",поточний рахунок,26004300633436,0,Всеукраїнське об’єднання “Батьківщина”,Солонянська районна організація,33811574,Дніпропетровська область,2017-03-31,1,2017,
"ПАТ КБ ""Приватбанк""",поточний рахунок,26002053518596,0,Всеукраїнське об’єднання “Батьківщина”,Софіївська районна організація,25947083,Дніпропетровська область,2017-03-31,1,2017,
"ПАТ КБ ""Приватбанк""",поточний рахунок,26009050272600,0,Всеукраїнське об’єднання “Батьківщина”,Тернівська міська організація,25947095,Дніпропетровська область,2017-03-31,1,2017,
"ПАТ КБ ""Приватбанк""",поточний рахунок,26000053515182,0,Всеукраїнське об’єднання “Батьківщина”,Тернівська районна організація,25840764,Дніпропетровська область,2017-03-31,1,2017,
"ПАТ КБ ""Приватбанк""",поточний рахунок,26000050269195,"16,09",Всеукраїнське об’єднання “Батьківщина”,Царичанська районна організація,25841670,Дніпропетровська область,2017-03-31,1,2017,
"ПАТ КБ ""Приватбанк""",поточний рахунок,26001050302006,0,Всеукраїнське об’єднання “Батьківщина”,Царичанська районна організація,25841670,Дніпропетровська область,2017-03-31,1,2017,
"ПАТ КБ ""Приватбанк""",поточний рахунок,26042050212025,0,Всеукраїнське об’єднання “Батьківщина”,Царичанська районна організація,25841670,Дніпропетровська область,2017-03-31,1,2017,
"ПАТ КБ ""Приватбанк""",поточний рахунок,26058050237801,0,Всеукраїнське об’єднання “Батьківщина”,Царичанська районна організація,25841670,Дніпропетровська область,2017-03-31,1,2017,
"ПАТ КБ ""Приватбанк""",поточний рахунок,26081000028349,0,Всеукраїнське об’єднання “Батьківщина”,Царичанська районна організація,25841670,Дніпропетровська область,2017-03-31,1,2017,
"ПАТ КБ ""Приватбанк""",поточний рахунок,26002050267720,0,Всеукраїнське об’єднання “Батьківщина”,Центральна районна організація,25841404,Дніпропетровська область,2017-03-31,1,2017,
"ПАТ КБ ""Приватбанк""",поточний рахунок,26053050237196,0,Всеукраїнське об’єднання “Батьківщина”,Центральна районна організація,25841404,Дніпропетровська область,2017-03-31,1,2017,
"ПАТ КБ ""Приватбанк""",поточний рахунок,26001053514892,0,Всеукраїнське об’єднання “Батьківщина”,Центрально-Міська районна організація,25840758,Дніпропетровська область,2017-03-31,1,2017,
"ПАТ КБ ""Приватбанк""",поточний рахунок,26003050277452,0,Всеукраїнське об’єднання “Батьківщина”,Чечелівська районна організація,25841433,Дніпропетровська область,2017-03-31,1,2017,
"ПАТ КБ ""Приватбанк""",поточний рахунок,26007050261196,0,Всеукраїнське об’єднання “Батьківщина”,Шевченківська районна організація,25841386,Дніпропетровська область,2017-03-31,1,2017,
"ПАТ КБ ""Приватбанк""",поточний рахунок,26054050238826,0,Всеукраїнське об’єднання “Батьківщина”,Шевченківська районна організація,25841386,Дніпропетровська область,2017-03-31,1,2017,
"ПАТ КБ ""Приватбанк""",поточний рахунок,26000053512505,0,Всеукраїнське об’єднання “Батьківщина”,Широківська районна організація,25841410,Дніпропетровська область,2017-03-31,1,2017,
"ПАТ КБ ""Приватбанк""",поточний рахунок,26004053517302,0,Всеукраїнське об’єднання “Батьківщина”,Широківська районна організація,25841410,Дніпропетровська область,2017-03-31,1,2017,
"ПАТ КБ ""Приватбанк""",поточний рахунок,26053053507329,0,Всеукраїнське об’єднання “Батьківщина”,Широківська районна організація,25841410,Дніпропетровська область,2017-03-31,1,2017,
"ПАТ КБ ""Приватбанк""",поточний рахунок,26082000777720,0,Всеукраїнське об’єднання “Батьківщина”,Широківська районна організація,25841410,Дніпропетровська область,2017-03-31,1,2017,
"ПАТ КБ ""Приватбанк""",поточний рахунок,26008050293118,0,Всеукраїнське об’єднання “Батьківщина”,Юр'ївська районна організація,25841427,Дніпропетровська область,2017-03-31,1,2017,
"ПАТ КБ ""Приватбанк""",поточний рахунок,26005054005253,92,Всеукраїнське об’єднання “Батьківщина”,Донецька обласна організація,26502259,Донецька область,2017-03-31,1,2017,
"ПАТ КБ ""Приватбанк""",поточний рахунок,26053054005238,"0,46",Всеукраїнське об’єднання “Батьківщина”,Донецька обласна організація,26502259,Донецька область,2017-03-31,1,2017,
"ПАТ КБ ""Приватбанк""",поточний рахунок,26007055806573,0,Всеукраїнське об’єднання “Батьківщина”,Баранівська районна організація,33265812,Житомирська область,2017-03-31,1,2017,
"АБ ""Укргазбанк""",поточний рахунок,26003924423074,"165,75",Всеукраїнське об’єднання “Батьківщина”,Бердичівська міська організація,25776991,Житомирська область,2017-03-31,1,2017,
"ПАТ КБ ""Приватбанк""",поточний рахунок,26008055815853,0,Всеукраїнське об’єднання “Батьківщина”,Бердичівська районна організація,25923272,Житомирська область,2017-03-31,1,2017,
"АТ ""Ощадбанк""",поточний рахунок,26006300952455,0,Всеукраїнське об’єднання “Батьківщина”,Брусилівська районна організація,33757910,Житомирська область,2017-03-31,1,2017,
"ПАТ КБ ""Приватбанк""",поточний рахунок,260020558151901,0,Всеукраїнське об’єднання “Батьківщина”,Ємільчинська районна організація,33877373,Житомирська область,2017-03-31,1,2017,
"ПАТ ""Айбокс банк""",поточний рахунок,26001001929301,"484,57",Всеукраїнське об’єднання “Батьківщина”,Житомирська обласна організація,25776533,Житомирська область,2017-03-31,1,2017,
"ПАТ КБ ""Приватбанк""",поточний рахунок,26009055819171,0,Всеукраїнське об’єднання “Батьківщина”,Коростенська районна організація,33985229,Житомирська область,2017-03-31,1,2017,
"ПАТ КБ ""Приватбанк""",поточний рахунок,26004055817413,0,Всеукраїнське об’єднання “Батьківщина”,Лугинська районна організація,33913730,Житомирська область,2017-03-31,1,2017,
"АБ ""Укргазбанк""",поточний рахунок,26004924421291,0,Всеукраїнське об’єднання “Батьківщина”,Новоград-Волинська районна організація,33852689,Житомирська область,2017-03-31,1,2017,
"ПАТ КБ ""Приватбанк""",поточний рахунок,26004055811657,0,Всеукраїнське об’єднання “Батьківщина”,Олевська районна організація,33889525,Житомирська область,2017-03-31,1,2017,
"АТ ""Райффайзен банк Аваль""",поточний рахунок,26009543306,0,Всеукраїнське об’єднання “Батьківщина”,Попільнянська районна організація,33864810,Житомирська область,2017-03-31,1,2017,
"АТ ""Ощадбанк""",поточний рахунок,26006300952455,0,Всеукраїнське об’єднання “Батьківщина”,Хорошівська районна організація,33920203,Житомирська область,2017-03-31,1,2017,
"АТ ""Ощадбанк""",поточний рахунок,26004300949596,0,Всеукраїнське об’єднання “Батьківщина”,Чуднівська районна організація,33811794,Житомирська область,2017-03-31,1,2017,
"ПАТ ""Укрсоцбанк""",поточний рахунок,26004207071600,"1402,98",Всеукраїнське об’єднання “Батьківщина”,Закарпатська обласна організація,25446205,Закарпатська область,2017-03-31,1,2017,
"ПАТ ""Укрсоцбанк""",поточний рахунок,26003207071601,"219,16",Всеукраїнське об’єднання “Батьківщина”,Закарпатська обласна організація,25446205,Закарпатська область,2017-03-31,1,2017,
"ПАТ КБ ""Глобус""",поточний рахунок,2600400123832,"29,3",Всеукраїнське об’єднання “Батьківщина”,Запорізька обласна організація,25766789,Запорізька область,2017-03-31,1,2017,
"ПАТ ""Укрсоцбанк""",поточний рахунок,26005000001595,"238,5",Всеукраїнське об’єднання “Батьківщина”,Волинська обласна організація,25787544,Волинська область,2017-03-31,1,2017,
"ПАТ КБ ""Приватбанк""",поточний рахунок,26004055510716,"17,99",Всеукраїнське об’єднання “Батьківщина”,Ковельська міська організація,25910039,Волинська область,2017-03-31,1,2017,
"ПАТ КБ ""Приватбанк""",поточний рахунок,26008055506469,0,Всеукраїнське об’єднання “Батьківщина”,Ковельська районна організація,25910097,Волинська область,2017-03-31,1,2017,
"ПАТ КБ ""Приватбанк""",поточний рахунок,26007055517909,"393,58",Всеукраїнське об’єднання “Батьківщина”,Луцька міська організація,25910022,Волинська область,2017-03-31,1,2017,
"ПАТ КБ ""Приватбанк""",поточний рахунок,26008055519865,"3,44",Всеукраїнське об’єднання “Батьківщина”,Луцька районна організація,25910105,Волинська область,2017-03-31,1,2017,
"ПАТ КБ ""Приватбанк""",поточний рахунок,26006055512381,"424,29",Всеукраїнське об’єднання “Батьківщина”,Рожищенська районна організація,25909970,Волинська область,2017-03-31,1,2017,
"ПАТ ""Укрсоцбанк""",поточний рахунок,26000011969944,"253,05",Всеукраїнське об’єднання “Батьківщина”,Вінницька обласна організація,25511109,Вінницька область ,2017-03-31,1,2017,
"АТ ""Ощадбанк""",поточний рахунок,26425301064297,0,Всеукраїнське об’єднання “Батьківщина”,Менська районна організація,25786266,Чернігівська область,2017-03-31,1,2017,"в первинних звітах рахунок не вказаний, брала з local"
"ПАТ ""ВТБ Банк""",поточний рахунок,26007010037108,"26,8",Всеукраїнське об’єднання “Батьківщина”,Дніпропетровська обласна організація,25788756,Дніпропетровська область,2017-06-30,2,2017,
"АТ ""Укрбудінвестбанк""",поточний рахунок,26001501670821,0,Всеукраїнське об’єднання “Батьківщина”,Дніпропетровська обласна організація,25788756,Дніпропетровська область,2017-06-30,2,2017,
"ПАТ ""Укрсоцбанк""",поточний рахунок,26000011969944,"328,05",Всеукраїнське об’єднання “Батьківщина”,Вінницька обласна організація,25511109,Вінницька область ,2017-06-30,2,2017,
"ПАТ ""Айбокс банк""",поточний рахунок,26001001929301,"574,57",Всеукраїнське об’єднання “Батьківщина”,Житомирська обласна організація,25776533,Житомирська область,2017-06-30,2,2017,
"ПАТ ""Ідея Банк""",поточний рахунок,26003300010865,0,Всеукраїнське об’єднання “Батьківщина”,Івано-Франківська обласна організація,25789520,Івано-Франківська область,2017-06-30,2,2017,
"АБ ""Укргазбанк""",поточний рахунок,26007300867,0,Всеукраїнське об’єднання “Батьківщина”,Івано-Франківська обласна організація,25789520,Івано-Франківська область,2017-06-30,2,2017,
"ПАТ КБ ""Приватбанк""",поточний рахунок,26007052532962,0,Всеукраїнське об’єднання “Батьківщина”,Снятинська районна організація,33820039,Івано-Франківська область,2017-06-30,2,2017,
"ПАТ КБ ""Приватбанк""",поточний рахунок,26007052308633,"45,31",Всеукраїнське об’єднання “Батьківщина”,Ізяславська районна організація,25879269,Хмельницька область,2017-06-30,2,2017,
"ПАТ КБ ""Приватбанк""",поточний рахунок,26003052325579,0,Всеукраїнське об’єднання “Батьківщина”,Білогірська районна організація,33977690,Білогірська районна організація,2017-06-30,2,2017,
"ПАТ КБ ""Приватбанк""",поточний рахунок,26007055806573,0,Всеукраїнське об’єднання “Батьківщина”,Баранівська районна організація,33265812,Житомирська область,2017-06-30,2,2017,
"ПАТ КБ ""Приватбанк""",поточний рахунок,26005053009101,0,Всеукраїнське об’єднання “Батьківщина”,Баришівська районна організація,25822915,Київська область,2017-06-30,2,2017,
"АБ ""Укргазбанк""",поточний рахунок,26003924423074,"99,52",Всеукраїнське об’єднання “Батьківщина”,Бердичівська міська організація,25776991,Житомирська область,2017-06-30,2,2017,
"ПАТ КБ ""Приватбанк""",поточний рахунок,26008055815853,0,Всеукраїнське об’єднання “Батьківщина”,Бердичівська районна організація,25923272,Житомирська область,2017-06-30,2,2017,
"АТ ""Ощадбанк""",поточний рахунок,26003300631379,0,Всеукраїнське об’єднання “Батьківщина”,Бережанська районна організація,25782162,Івано-Франківська область,2017-06-30,2,2017,
"АТ ""Ощадбанк""",поточний рахунок,26004300264318,"239,13",Всеукраїнське об’єднання “Батьківщина”,Білоцерківська міська організація,25822507,Київська область,2017-06-30,2,2017,
"ПАТ КБ ""Приватбанк""",поточний рахунок,26008053004103,45,Всеукраїнське об’єднання “Батьківщина”,Білоцерківська районна організація,26002120,Київська область,2017-06-30,2,2017,
"ПАТ КБ ""Приватбанк""",поточний рахунок,26006055026215,"42,93",Всеукраїнське об’єднання “Батьківщина”,Білопільська районна організація,37158372,Сумська область,2017-06-30,2,2017,
"ПАТ КБ ""Приватбанк""",рахунок виборчого фонду політичної партії,26432051400056,66,Всеукраїнське об’єднання “Батьківщина”,Борзнянська районна організація,25932087,Чернігівська область,2017-06-30,2,2017,
"АТ ""Ощадбанк""",поточний рахунок,26008300557006,"241,59",Всеукраїнське об’єднання “Батьківщина”,Бориславська міська організація,25258685,Львівська область ,2017-06-30,2,2017,
"АБ ""Укргазбанк""",поточний рахунок,26007212004327,"116,15",Всеукраїнське об’єднання “Батьківщина”,Бориспільська міська організація,25951133,Київська область,2017-06-30,2,2017,
"АБ ""Укргазбанк""",поточний рахунок,26009212004314,0,Всеукраїнське об’єднання “Батьківщина”,Бориспільська районна організація,25951185,Київська область,2017-06-30,2,2017,
"ПАТ КБ ""Приватбанк""",поточний рахунок,26007053168170,0,Всеукраїнське об’єднання “Батьківщина”,Бородянська районна організація,25931580,Київська область,2017-06-30,2,2017,
"ПАТ КБ ""Приватбанк""",поточний рахунок,26008055115013,0,Всеукраїнське об’єднання “Батьківщина”,Борщівська районна організація,25887702,Тернопільська область,2017-06-30,2,2017,
"ПАТ КБ ""Приватбанк""",поточний рахунок,26008053149303,"522,27",Всеукраїнське об’єднання “Батьківщина”,Броварська міська організація,25951446,Київська область,2017-06-30,2,2017,
"ПАТ КБ ""Приватбанк""",поточний рахунок,26001053010633,"4,14",Всеукраїнське об’єднання “Батьківщина”,Броварська районна організація,26078643,Київська область,2017-06-30,2,2017,
"АТ ""Ощадбанк""",поточний рахунок,26005300558752,"12,26",Всеукраїнське об’єднання “Батьківщина”,Бродівська районна організація,25254434,Львівська область ,2017-06-30,2,2017,
"ПАТ КБ ""Приватбанк""",поточний рахунок,26004055018872,"170,26",Всеукраїнське об’єднання “Батьківщина”,Буринська районна організація,24015940,Сумська область,2017-06-30,2,2017,
"АТ ""Ощадбанк""",поточний рахунок,26000300553893,"273,33",Всеукраїнське об’єднання “Батьківщина”,Буська районна організація,25256924,Львівська область ,2017-06-30,2,2017,
"ПАТ ""Укрсоцбанк""",поточний рахунок,26001011962348,"212,75",Всеукраїнське об’єднання “Батьківщина”,Бучанська міська організація,35095489,Київська область,2017-06-30,2,2017,
"ПАТ КБ ""Приватбанк""",поточний рахунок,26003055022568,"1,32",Всеукраїнське об’єднання “Батьківщина”,Великописарівська районна організація,24016253,Сумська область,2017-06-30,2,2017,
"ПАТ КБ ""Приватбанк""",поточний рахунок,26007052313510,0,Всеукраїнське об’єднання “Батьківщина”,Віньковецька районна організація,25879246,Хмельницька область,2017-06-30,2,2017,
"ПАТ КБ ""Приватбанк""",поточний рахунок,26005053001369,0,Всеукраїнське об’єднання “Батьківщина”,Васильківська міська організація,26002114,Київська область,2017-06-30,2,2017,
"ПАТ КБ ""Приватбанк""",поточний рахунок,26001053155833,0,Всеукраїнське об’єднання “Батьківщина”,Васильківська районна організація,25927063,Київська область,2017-06-30,2,2017,
"ПАТ КБ ""Приватбанк""",рахунок виборчого фонду політичної партії,26437054600507,150,Всеукраїнське об’єднання “Батьківщина”,Великобагачанська районна організація,25913121,Полтавська область,2017-06-30,2,2017,
"ПАТ КБ ""Приватбанк""",рахунок виборчого фонду політичної партії,26437054600886,200,Всеукраїнське об’єднання “Батьківщина”,Великобагачанська районна організація,25913121,Полтавська область,2017-06-30,2,2017,
"ПАТ КБ ""Приватбанк""",поточний рахунок,26008053013484,0,Всеукраїнське об’єднання “Батьківщина”,Вишгородська районна організація,25951149,Київська область,2017-06-30,2,2017,
"ПАТ ""Укрсоцбанк""",поточний рахунок,26005000001595,"4660,98",Всеукраїнське об’єднання “Батьківщина”,Волинська обласна організація,25787544,Волинська область,2017-06-30,2,2017,
"ПАТ КБ ""Приватбанк""",поточний рахунок,26009054729281,"204,49",Всеукраїнське об’єднання “Батьківщина”,Володимирецька районна організація,25930311,Рівненська область,2017-06-30,2,2017,
"ПАТ КБ ""Приватбанк""",поточний рахунок,26006052428332,"28,85",Всеукраїнське об’єднання “Батьківщина”,Волочиська районна організація,25889569,Хмельницька область,2017-06-30,2,2017,
"ПАТ КБ ""Приватбанк""",поточний рахунок,26053052417705,0,Всеукраїнське об’єднання “Батьківщина”,Волочиська районна організація,25889569,Хмельницька область,2017-06-30,2,2017,
"АТ ""Ощадбанк""",поточний рахунок,26001300573537,100,Всеукраїнське об’єднання “Батьківщина”,Галицька районна організація,33921537,Львівська область,2017-06-30,2,2017,
"ПАТ КБ ""Приватбанк""",поточний рахунок,26004055019365,0,Всеукраїнське об’єднання “Батьківщина”,Глухівська міська організація,24015957,Сумська область,2017-06-30,2,2017,
"ПАТ КБ ""Приватбанк""",поточний рахунок,26007055023518,0,Всеукраїнське об’єднання “Батьківщина”,Глухівська районна організація,40572420,Сумська область,2017-06-30,2,2017,
"ПАТ ""Укрсоцбанк""",поточний рахунок,26003011977193,0,Всеукраїнське об’єднання “Батьківщина”,Городоцька районна організація,33811878,Хмельницька область,2017-06-30,2,2017,
"АТ ""Ощадбанк""",поточний рахунок,26000300560756,"13,89",Всеукраїнське об’єднання “Батьківщина”,Городоцька районна організація,33811878,Львівська область,2017-06-30,2,2017,
"ПАТ КБ ""Приватбанк""",поточний рахунок,26005054005253,92,Всеукраїнське об’єднання “Батьківщина”,Донецька обласна організація,26502259,Донецька область,2017-06-30,2,2017,
"ПАТ КБ ""Приватбанк""",поточний рахунок,26053054005238,"0,46",Всеукраїнське об’єднання “Батьківщина”,Донецька обласна організація,26502259,Донецька область,2017-06-30,2,2017,
"АТ ""Ощадбанк""",поточний рахунок,26006300558740,"118,37",Всеукраїнське об’єднання “Батьківщина”,Дрогобицька міська організація,25257295,Львівська область,2017-06-30,2,2017,
"АТ ""Ощадбанк""",поточний рахунок,26009300454012,"105,52",Всеукраїнське об’єднання “Батьківщина”,Дрогобицька районна організація,25257088,Львівська область,2017-06-30,2,2017,
"АТ ""Ощадбанк""",поточний рахунок,260013012638,"25,94",Всеукраїнське об’єднання “Батьківщина”,Дубенська міська організація,25930378,Рівненська область,2017-06-30,2,2017,
"АТ ""Ощадбанк""",поточний рахунок,26006300846513,0,Всеукраїнське об’єднання “Батьківщина”,Дунаєвецька районна організація,25879298,Хмельницька область,2017-06-30,2,2017,
"ПАТ КБ ""Приватбанк""",поточний рахунок,260020558151901,0,Всеукраїнське об’єднання “Батьківщина”,Ємільчинська районна організація,33877373,Житомирська область,2017-06-30,2,2017,
"АТ ""Ощадбанк""",поточний рахунок,26002300561430,"15,29",Всеукраїнське об’єднання “Батьківщина”,Жидачівська районна організація,25252659,Львівська область,2017-06-30,2,2017,
"АТ ""Ощадбанк""",поточний рахунок,26005300562340,"175,35",Всеукраїнське об’єднання “Батьківщина”,Жовківська районна організація,25256485,Львівська область,2017-06-30,2,2017,
"АТ ""Ощадбанк""",поточний рахунок,26006300560545,105,Всеукраїнське об’єднання “Батьківщина”,Залізнична районна організація,33894966,Львівська область,2017-06-30,2,2017,
"АТ ""Ощадбанк""",поточний рахунок,26006300633158,0,Всеукраїнське об’єднання “Батьківщина”,Збаразька районна організація,26024423,Тернопільська область,2017-06-30,2,2017,
"ПАТ КБ ""Приватбанк""",поточний рахунок,26003050016077,97,Всеукраїнське об’єднання “Батьківщина”,Амур-Нижньодніпровська районна організація,25841373,Дніпропетровська область,2017-06-30,2,2017,
"ПАТ КБ ""Приватбанк""",поточний рахунок,26004050014885,0,Всеукраїнське об’єднання “Батьківщина”,Амур-Нижньодніпровська районна організація,25841373,Дніпропетровська область,2017-06-30,2,2017,
"ПАТ КБ ""Приватбанк""",поточний рахунок,26085000842208,0,Всеукраїнське об’єднання “Батьківщина”,Амур-Нижньодніпровська районна організація,25841373,Дніпропетровська область,2017-06-30,2,2017,
"ПАТ КБ ""Приватбанк""",поточний рахунок,26004050270340,0,Всеукраїнське об’єднання “Батьківщина”,Заводська районна організація,25956805,Дніпропетровська область,2017-06-30,2,2017,
"ПАТ КБ ""Приватбанк""",поточний рахунок,26009050272707,0,Всеукраїнське об’єднання “Батьківщина”,Дніпровська районна організація,26051242,Дніпропетровська область,2017-06-30,2,2017,
"ПАТ КБ ""Приватбанк""",поточний рахунок,26001050273533,0,Всеукраїнське об’єднання “Батьківщина”,Жовтоводська міська організація,25841344,Дніпропетровська область,2017-06-30,2,2017,
"ПАТ КБ ""Приватбанк""",поточний рахунок,26004050322210,0,Всеукраїнське об’єднання “Батьківщина”,Першотравенська міська організація,34357170,Дніпропетровська область,2017-06-30,2,2017,
"ПАТ КБ ""Приватбанк""",поточний рахунок,26055050245012,0,Всеукраїнське об’єднання “Батьківщина”,Першотравенська міська організація,34357170,Дніпропетровська область,2017-06-30,2,2017,
"ПАТ КБ ""Приватбанк""",поточний рахунок,26042050209403,0,Всеукраїнське об’єднання “Батьківщина”,Першотравенська міська організація,34357170,Дніпропетровська область,2017-06-30,2,2017,
"ПАТ КБ ""Приватбанк""",поточний рахунок,26009050011474,0,Всеукраїнське об’єднання “Батьківщина”,Новокодацька районна організація,25841440,Дніпропетровська область,2017-06-30,2,2017,
"ПАТ КБ ""Приватбанк""",поточний рахунок,26000053515182,0,Всеукраїнське об’єднання “Батьківщина”,Тернівська районна організація,25840764,Дніпропетровська область,2017-06-30,2,2017,
"ПАТ КБ ""Приватбанк""",поточний рахунок,26003050277452,0,Всеукраїнське об’єднання “Батьківщина”,Чечелівська районна організація,25841433,Дніпропетровська область,2017-06-30,2,2017,
"ПАТ КБ ""Приватбанк""",поточний рахунок,26055050234829,0,Всеукраїнське об’єднання “Батьківщина”,Чечелівська районна організація,25841433,Дніпропетровська область,2017-06-30,2,2017,
"ПАТ КБ ""Приватбанк""",поточний рахунок,26007050261196,0,Всеукраїнське об’єднання “Батьківщина”,Шевченківська районна організація,25841386,Дніпропетровська область,2017-06-30,2,2017,
"ПАТ КБ ""Приватбанк""",поточний рахунок,26054050238826,0,Всеукраїнське об’єднання “Батьківщина”,Шевченківська районна організація,25841386,Дніпропетровська область,2017-06-30,2,2017,
"АТ ""Ощадбанк""",поточний рахунок,26005300004866,"82,79",Всеукраїнське об’єднання “Батьківщина”,Дубенська районна організація,25930792,Рівненська область,2017-06-30,2,2017,
"ПАТ КБ ""Приватбанк""",поточний рахунок,26000050300991,0,Всеукраїнське об’єднання “Батьківщина”,Томаківська районна організація,25927078,Дніпропетровська область,2017-06-30,2,2017,
"ПАТ КБ ""Приватбанк""",поточний рахунок,26002050267720,0,Всеукраїнське об’єднання “Батьківщина”,Центральна районна організація,25841404,Дніпропетровська область,2017-06-30,2,2017,
"ПАТ КБ ""Приватбанк""",поточний рахунок,26053050237196,0,Всеукраїнське об’єднання “Батьківщина”,Центральна районна організація,25841404,Дніпропетровська область,2017-06-30,2,2017,
"ПАТ КБ ""Приватбанк""",поточний рахунок,26005053525144,0,Всеукраїнське об’єднання “Батьківщина”,Апостолівська районна організація,25839264,Дніпропетровська область,2017-06-30,2,2017,
"ПАТ КБ ""Приватбанк""",поточний рахунок,26007050293540,0,Всеукраїнське об’єднання “Батьківщина”,Верхньодніпровська районна організація,25947108,Дніпропетровська область,2017-06-30,2,2017,
"ПАТ КБ ""Приватбанк""",поточний рахунок,26001050305768,0,Всеукраїнське об’єднання “Батьківщина”,Дніпровська районна організація,26051242,Дніпропетровська область,2017-06-30,2,2017,
"ПАТ КБ ""Приватбанк""",поточний рахунок,2641050223037,0,Всеукраїнське об’єднання “Батьківщина”,Дніпровська районна організація,26051242,Дніпропетровська область,2017-06-30,2,2017,
"ПАТ КБ ""Приватбанк""",поточний рахунок,26059050234665,0,Всеукраїнське об’єднання “Батьківщина”,Дніпровська районна організація,26051242,Дніпропетровська область,2017-06-30,2,2017,
"ПАТ КБ ""Приватбанк""",поточний рахунок,26006053520115,0,Всеукраїнське об’єднання “Батьківщина”,Довгинцівська районна організація,25841232,Дніпропетровська область,2017-06-30,2,2017,
"ПАТ КБ ""Приватбанк""",поточний рахунок,26001053514171,0,Всеукраїнське об’єднання “Батьківщина”,Інгулецька районна організація,26051259,Дніпропетровська область,2017-06-30,2,2017,
"ПАТ КБ ""Приватбанк""",поточний рахунок,26005050279016,358,Всеукраїнське об’єднання “Батьківщина”,Індустріальна районна організація,25841686,Дніпропетровська область,2017-06-30,2,2017,
"ПАТ КБ ""Приватбанк""",поточний рахунок,26000053511517,0,Всеукраїнське об’єднання “Батьківщина”,Криворізька районна організація,33453643,Дніпропетровська область,2017-06-30,2,2017,
"ПАТ КБ ""Приватбанк""",поточний рахунок,26006050268468,0,Всеукраїнське об’єднання “Батьківщина”,Вільногірська міська організація,25841321,Дніпропетровська область,2017-06-30,2,2017,
"ПАТ КБ ""Приватбанк""",поточний рахунок,26006050274753,8,Всеукраїнське об’єднання “Батьківщина”,Дніпровська міська організація,25841338,Дніпропетровська область,2017-06-30,2,2017,
"ПАТ КБ ""Приватбанк""",поточний рахунок,26058050234150,0,Всеукраїнське об’єднання “Батьківщина”,Дніпровська міська організація,25841338,Дніпропетровська область,2017-06-30,2,2017,
"ПАТ КБ ""Приватбанк""",поточний рахунок,26006053519096,"168,37",Всеукраїнське об’єднання “Батьківщина”,Криворізька міська організація,25840741,Дніпропетровська область,2017-06-30,2,2017,
"ПАТ КБ ""Приватбанк""",поточний рахунок,26008050277361,"15,22",Всеукраїнське об’єднання “Батьківщина”,Марганецька міська організація,25841350,Дніпропетровська область,2017-06-30,2,2017,
"ПАТ КБ ""Приватбанк""",поточний рахунок,26007050277920,0,Всеукраїнське об’єднання “Батьківщина”,Нікопольська міська організація,25841367,Дніпропетровська область,2017-06-30,2,2017,
"ПАТ КБ ""Приватбанк""",поточний рахунок,26006050271961,0,Всеукраїнське об’єднання “Батьківщина”,Новомосковська міська організація,25841700,Дніпропетровська область,2017-06-30,2,2017,
"ПАТ КБ ""Приватбанк""",поточний рахунок,26421050000126,0,Всеукраїнське об’єднання “Батьківщина”,Новомосковська міська організація,25841700,Дніпропетровська область,2017-06-30,2,2017,
"ПАТ КБ ""Приватбанк""",поточний рахунок,26421050000966,0,Всеукраїнське об’єднання “Батьківщина”,Новомосковська міська організація,25841700,Дніпропетровська область,2017-06-30,2,2017,
"ПАТ КБ ""Приватбанк""",поточний рахунок,26007050256480,0,Всеукраїнське об’єднання “Батьківщина”,Павлоградська міська організація,25914043,Дніпропетровська область,2017-06-30,2,2017,
"ПАТ КБ ""Приватбанк""",поточний рахунок,26002050274326,0,Всеукраїнське об’єднання “Батьківщина”,Покровська міська організація,25841692,Дніпропетровська область,2017-06-30,2,2017,
"ПАТ КБ ""Приватбанк""",поточний рахунок,26040050209977,0,Всеукраїнське об’єднання “Батьківщина”,Покровська міська організація,25841692,Дніпропетровська область,2017-06-30,2,2017,
"ПАТ КБ ""Приватбанк""",поточний рахунок,26055050232735,0,Всеукраїнське об’єднання “Батьківщина”,Покровська міська організація,25841692,Дніпропетровська область,2017-06-30,2,2017,
"ПАТ КБ ""Приватбанк""",поточний рахунок,26008050318275,0,Всеукраїнське об’єднання “Батьківщина”,Синельниківська міська організація,25927092,Дніпропетровська область,2017-06-30,2,2017,
"ПАТ КБ ""Приватбанк""",поточний рахунок,26004050298559,0,Всеукраїнське об’єднання “Батьківщина”,Магдалинівська районна організація,25927057,Дніпропетровська область,2017-06-30,2,2017,
"ПАТ КБ ""Приватбанк""",поточний рахунок,26009053512250,0,Всеукраїнське об’єднання “Батьківщина”,Металургійна районна організація,25841226,Дніпропетровська область,2017-06-30,2,2017,
"ПАТ КБ ""Приватбанк""",поточний рахунок,26007050262935,0,Всеукраїнське об’єднання “Батьківщина”,Нікопольська районна організація,25841717,Дніпропетровська область,2017-06-30,2,2017,
"ПАТ КБ ""Приватбанк""",поточний рахунок,26007050267479,0,Всеукраїнське об’єднання “Батьківщина”,Новомосковська районна організація,26051168,Дніпропетровська область,2017-06-30,2,2017,
"ПАТ КБ ""Приватбанк""",поточний рахунок,26004050280987,0,Всеукраїнське об’єднання “Батьківщина”,Новомосковська районна організація,26051168,Дніпропетровська область,2017-06-30,2,2017,
"ПАТ КБ ""Приватбанк""",поточний рахунок,26048050219260,0,Всеукраїнське об’єднання “Батьківщина”,Новомосковська районна організація,26051168,Дніпропетровська область,2017-06-30,2,2017,
"ПАТ КБ ""Приватбанк""",поточний рахунок,26054050237667,0,Всеукраїнське об’єднання “Батьківщина”,Новомосковська районна організація,26051168,Дніпропетровська область,2017-06-30,2,2017,
"ПАТ КБ ""Приватбанк""",поточний рахунок,26081000739906,0,Всеукраїнське об’єднання “Батьківщина”,Новомосковська районна організація,26051168,Дніпропетровська область,2017-06-30,2,2017,
"ПАТ КБ ""Приватбанк""",поточний рахунок,26002050281483,"105,73",Всеукраїнське об’єднання “Батьківщина”,Петриківська районна організація,25914072,Дніпропетровська область,2017-06-30,2,2017,
"ПАТ КБ ""Приватбанк""",поточний рахунок,26050050236316,0,Всеукраїнське об’єднання “Батьківщина”,Петриківська районна організація,25914072,Дніпропетровська область,2017-06-30,2,2017,
"ПАТ КБ ""Приватбанк""",поточний рахунок,26088000564185,0,Всеукраїнське об’єднання “Батьківщина”,Петриківська районна організація,25914072,Дніпропетровська область,2017-06-30,2,2017,
"ПАТ КБ ""Приватбанк""",поточний рахунок,26008050261407,0,Всеукраїнське об’єднання “Батьківщина”,Петриківська районна організація,25914072,Дніпропетровська область,2017-06-30,2,2017,
"ПАТ КБ ""Приватбанк""",поточний рахунок,26003050273177,0,Всеукраїнське об’єднання “Батьківщина”,Південна районна організація,25956774,Дніпропетровська область,2017-06-30,2,2017,
"ПАТ КБ ""Приватбанк""",поточний рахунок,26000053514525,0,Всеукраїнське об’єднання “Батьківщина”,Саксаганська районна організація,25956780,Дніпропетровська область,2017-06-30,2,2017,
"ПАТ КБ ""Приватбанк""",поточний рахунок,26003050276969,228,Всеукраїнське об’єднання “Батьківщина”,Самарська районна організація,25841456,Дніпропетровська область,2017-06-30,2,2017,
"ПАТ КБ ""Приватбанк""",поточний рахунок,26008050272690,0,Всеукраїнське об’єднання “Батьківщина”,Соборна районна організація,25841396,Дніпропетровська область,2017-06-30,2,2017,
"АТ ""Ощадбанк""",поточний рахунок,26004300633436,0,Всеукраїнське об’єднання “Батьківщина”,Солонянська районна організація,33811574,Дніпропетровська область,2017-06-30,2,2017,
"ПАТ КБ ""Приватбанк""",поточний рахунок,26002053518596,0,Всеукраїнське об’єднання “Батьківщина”,Софіївська районна організація,25947083,Дніпропетровська область,2017-06-30,2,2017,
"ПАТ КБ ""Приватбанк""",поточний рахунок,26000050269195,"141,44",Всеукраїнське об’єднання “Батьківщина”,Царичанська районна організація,25841670,Дніпропетровська область,2017-06-30,2,2017,
"ПАТ КБ ""Приватбанк""",поточний рахунок,26001053514892,0,Всеукраїнське об’єднання “Батьківщина”,Центрально-Міська районна організація,25840758,Дніпропетровська область,2017-06-30,2,2017,
"ПАТ КБ ""Приватбанк""",поточний рахунок,26000053512505,0,Всеукраїнське об’єднання “Батьківщина”,Широківська районна організація,25841410,Дніпропетровська область,2017-06-30,2,2017,
"ПАТ КБ ""Приватбанк""",поточний рахунок,26004053517302,0,Всеукраїнське об’єднання “Батьківщина”,Широківська районна організація,25841410,Дніпропетровська область,2017-06-30,2,2017,
"ПАТ КБ ""Приватбанк""",поточний рахунок,26053053507329,0,Всеукраїнське об’єднання “Батьківщина”,Широківська районна організація,25841410,Дніпропетровська область,2017-06-30,2,2017,
"ПАТ КБ ""Приватбанк""",поточний рахунок,26082000777720,0,Всеукраїнське об’єднання “Батьківщина”,Широківська районна організація,25841410,Дніпропетровська область,2017-06-30,2,2017,
"ПАТ КБ ""Приватбанк""",поточний рахунок,26008050293118,0,Всеукраїнське об’єднання “Батьківщина”,Юр'ївська районна організація,25841427,Дніпропетровська область,2017-06-30,2,2017,
"ПАТ КБ ""Приватбанк""",поточний рахунок,26009050272600,0,Всеукраїнське об’єднання “Батьківщина”,Тернівська міська організація,25947095,Дніпропетровська область,2017-06-30,2,2017,
"ПАТ КБ ""Приватбанк""",поточний рахунок,26007050275029,0,Всеукраїнське об’єднання “Батьківщина”,Синельниківська районна організація,25914057,Дніпропетровська область,2017-06-30,2,2017,
"ПАТ КБ ""Приватбанк""",поточний рахунок,26001053515374,0,Всеукраїнське об’єднання “Батьківщина”,Покровська районна організація,33759750,Дніпропетровська область,2017-06-30,2,2017,
"ПАТ КБ ""Глобус""",поточний рахунок,2600400123832,"29,3",Всеукраїнське об’єднання “Батьківщина”,Запорізька обласна організація,25766789,Запорізька область,2017-06-30,2,2017,
"АТ ""Ощадбанк""",поточний рахунок,26009300025272,"311,5",Всеукраїнське об’єднання “Батьківщина”,Здолбунівська районна організація,25930289,Рівненська область,2017-06-30,2,2017,
"ПАТ ""Кредобанк""",поточний рахунок,2600401064845,"3180,7",Всеукраїнське об’єднання “Батьківщина”,Золочівська районна організація,25253624,Львівська область ,2017-06-30,2,2017,
"ПАТ ""Укрсоцбанк""",поточний рахунок,26004207071600,"301,5",Всеукраїнське об’єднання “Батьківщина”,Закарпатська обласна організація,25446205,Закарпатська область,2017-06-30,2,2017,
"ПАТ ""Укрсоцбанк""",поточний рахунок,26003207071601,"219,16",Всеукраїнське об’єднання “Батьківщина”,Закарпатська обласна організація,25446205,Закарпатська область,2017-06-30,2,2017,
"ПАТ ""Укрсоцбанк""",поточний рахунок,26002011951983,0,Всеукраїнське об’єднання “Батьківщина”,Ірпінська міська організація,25951179,Київська область,2017-06-30,2,2017,
"ПАТ КБ ""Приватбанк""",поточний рахунок,26001052404469,"292,35",Всеукраїнське об’єднання “Батьківщина”,Кам’янець-Подільська міська організація,25889575,Хмельницька область,2017-06-30,2,2017,
"ПАТ КБ ""Приватбанк""",поточний рахунок,26058052403532,0,Всеукраїнське об’єднання “Батьківщина”,Кам’янець-Подільська міська організація,25889575,Хмельницька область,2017-06-30,2,2017,
"ПАТ КБ ""Приватбанк""",поточний рахунок,26004060713406,134,Всеукраїнське об’єднання “Батьківщина”,Кам'янець-Подільська районна організація,25889552,Хмельницька область,2017-06-30,2,2017,
"ПАТ КБ ""Приватбанк""",поточний рахунок,26052060682051,0,Всеукраїнське об’єднання “Батьківщина”,Кам'янець-Подільська районна організація,25889552,Хмельницька область,2017-06-30,2,2017,
"АТ ""Ощадбанк""",поточний рахунок,26007300565356,"51,95",Всеукраїнське об’єднання “Батьківщина”,Кам’янка-Бузька районна організація,25258550,Львівська область,2017-06-30,2,2017,
"ПАТ КБ ""Приватбанк""",поточний рахунок,26001053004898,97,Всеукраїнське об’єднання “Батьківщина”,Києво-Святошинська районна організація,25979137,Київська область,2017-06-30,2,2017,
"ПАТ КБ ""Приватбанк""",поточний рахунок,26002052614362,"97,27",Всеукраїнське об’єднання “Батьківщина”,Голосіївська районна організація,21716820,Київ,2017-06-30,2,2017,
"ПАТ КБ ""Приватбанк""",поточний рахунок,26008052683834,108,Всеукраїнське об’єднання “Батьківщина”,Дарницька районна організація,21716949,Київ,2017-06-30,2,2017,
"ПАТ КБ ""Приватбанк""",поточний рахунок,26006052720575,"1942,55",Всеукраїнське об’єднання “Батьківщина”,Київська міська організація,21709458,Київ,2017-06-30,2,2017,
"ПАТ КБ ""Приватбанк""",поточний рахунок,26005052755262,"3375,64",Всеукраїнське об’єднання “Батьківщина”,Київська міська організація,21709458,Київ,2017-06-30,2,2017,
"АТ ""Райффайзен банк Аваль""",поточний рахунок,26002135487,"60,46",Всеукраїнське об’єднання “Батьківщина”,Київська міська організація,21709458,Київ,2017-06-30,2,2017,
"АТ ""Райффайзен банк Аваль""",поточний рахунок,26007135493,"1116,25",Всеукраїнське об’єднання “Батьківщина”,Київська міська організація,21709458,Київ,2017-06-30,2,2017,
"ПАТ КБ ""Приватбанк""",поточний рахунок,26006052619761,"127,44",Всеукраїнське об’єднання “Батьківщина”,Оболонська районна організація,25895860,Київ,2017-06-30,2,2017,
"ПАТ КБ ""Приватбанк""",поточний рахунок,26002052628217,0,Всеукраїнське об’єднання “Батьківщина”,Печерська районна організація,21715915,Київ,2017-06-30,2,2017,
"ПАТ КБ ""Приватбанк""",поточний рахунок,26008052769183,50,Всеукраїнське об’єднання “Батьківщина”,Святошинська районна організація,21716010,Київ,2017-06-30,2,2017,
"ПАТ КБ ""Приватбанк""",поточний рахунок,26009052622829,1180,Всеукраїнське об’єднання “Батьківщина”,Солом'янська районна організація,21716903,Київ,2017-06-30,2,2017,
"АБ ""Укргазбанк""",поточний рахунок,26004924426650,"17079,76",Всеукраїнське об’єднання “Батьківщина”,Київська обласна організація,21710792,Київська область,2017-06-30,2,2017,
"ПАТ КБ ""Приватбанк""",поточний рахунок,26004312273001,"22776,81",Всеукраїнське об’єднання “Батьківщина”,Кіровоградська обласна організація,24146984,Кіровоградська область,2017-06-30,2,2017,
"ПАТ КБ ""Приватбанк""",поточний рахунок,26004055510716,"382,23",Всеукраїнське об’єднання “Батьківщина”,Ковельська міська організація,25910039,Волинська область,2017-06-30,2,2017,
"ПАТ КБ ""Приватбанк""",поточний рахунок,26008055506469,"20,71",Всеукраїнське об’єднання “Батьківщина”,Ковельська районна організація,25910097,Волинська область,2017-06-30,2,2017,
"ПАТ КБ ""Приватбанк""",рахунок виборчого фонду політичної партії,26434051400894,0,Всеукраїнське об’єднання “Батьківщина”,Козелецька районна організація,25623363,Чернігівська область,2017-06-30,2,2017,
"ПАТ КБ ""Приватбанк""",поточний рахунок,26002055017187,"38,37",Всеукраїнське об’єднання “Батьківщина”,Конотопська міська організація,37052248,Сумська область,2017-06-30,2,2017,
"ПАТ КБ ""Приватбанк""",поточний рахунок,26009055028339,0,Всеукраїнське об’єднання “Батьківщина”,Конотопська районна організація,40782411,Сумська область,2017-06-30,2,2017,
"ПАТ КБ ""Приватбанк""",поточний рахунок,26009055819171,0,Всеукраїнське об’єднання “Батьківщина”,Коростенська районна організація,33985229,Житомирська область,2017-06-30,2,2017,
"ПАТ КБ ""Приватбанк""",поточний рахунок,26004055021988,"569,77",Всеукраїнське об’єднання “Батьківщина”,Кролевецька районна організація,24016052,Сумська область,2017-06-30,2,2017,
"ПАТ КБ ""Приватбанк""",рахунок виборчого фонду політичної партії,26423055000502,0,Всеукраїнське об’єднання “Батьківщина”,Кролевецька районна організація,24016052,Сумська область,2017-06-30,2,2017,
"ПАТ КБ ""Приватбанк""",рахунок виборчого фонду політичної партії,26424055000211,"1,72",Всеукраїнське об’єднання “Батьківщина”,Кролевецька районна організація,24016052,Сумська область,2017-06-30,2,2017,
"ПАТ КБ ""Приватбанк""",поточний рахунок,26004055019183,33,Всеукраїнське об’єднання “Батьківщина”,Лебединська міська організація,37261497,Сумська область,2017-06-30,2,2017,
"ПАТ КБ ""Приватбанк""",поточний рахунок,26003055017283,0,Всеукраїнське об’єднання “Батьківщина”,Лебединська районна організація,37345571,Сумська область,2017-06-30,2,2017,
"ПАТ КБ ""Приватбанк""",поточний рахунок,26005052300224,0,Всеукраїнське об’єднання “Батьківщина”,Летичівська районна організація,25879275,Хмельницька область,2017-06-30,2,2017,
"АТ ""Ощадбанк""",поточний рахунок,26006300573673,"130,52",Всеукраїнське об’єднання “Батьківщина”,Личаківська районна організація,25255971,Львівська область,2017-06-30,2,2017,
"ПАТ КБ ""Приватбанк""",поточний рахунок,26005053714488,"42,45",Всеукраїнське об’єднання “Батьківщина”,Луганська обласна організація,25060552,Луганська область,2017-06-30,2,2017,
"ПАТ КБ ""Приватбанк""",поточний рахунок,26004055817413,0,Всеукраїнське об’єднання “Батьківщина”,Лугинська районна організація,33913730,Житомирська область,2017-06-30,2,2017,
"ПАТ КБ ""Приватбанк""",поточний рахунок,26007055517909,"460,33",Всеукраїнське об’єднання “Батьківщина”,Луцька міська організація,25910022,Волинська область,2017-06-30,2,2017,
"ПАТ КБ ""Приватбанк""",поточний рахунок,26008055519865,"569,04",Всеукраїнське об’єднання “Батьківщина”,Луцька районна організація,25910105,Волинська область,2017-06-30,2,2017,
"АТ ""Ощадбанк""",поточний рахунок,26001300560551,"192,01",Всеукраїнське об’єднання “Батьківщина”,Львівська міська організація,37693380,Львівська область,2017-06-30,2,2017,
"АТ ""Райффайзен банк Аваль""",поточний рахунок,26009223347,"484,01",Всеукраїнське об’єднання “Батьківщина”,Львівська обласна організація,25249083,Львівська область,2017-06-30,2,2017,
"ПАТ КБ ""Приватбанк""",поточний рахунок,26001053011546,0,Всеукраїнське об’єднання “Батьківщина”,Макарівська районна організація,25951084,Київська область,2017-06-30,2,2017,
"АТ ""Ощадбанк""",рахунок виборчого фонду політичної партії,26426300064297,0,Всеукраїнське об’єднання “Батьківщина”,Менська районна організація,25786266,Чернігівська область,2017-06-30,2,2017,
"АТ ""Ощадбанк""",рахунок виборчого фонду політичної партії,26425301064297,0,Всеукраїнське об’єднання “Батьківщина”,Менська районна організація,25786266,Чернігівська область,2017-06-30,2,2017,
"ПАТ КБ ""Приватбанк""",поточний рахунок,26001053221668,0,Всеукраїнське об’єднання “Батьківщина”,Миколаївська обласна організація,23405295,Миколаївська область,2017-06-30,2,2017,
"АТ ""Ощадбанк""",поточний рахунок,26008300792424,2438,Всеукраїнське об’єднання “Батьківщина”,Миколаївська районна організація,25255505,Миколаївська область,2017-06-30,2,2017,
"АТ ""Ощадбанк""",поточний рахунок,26006300552940,"281,82",Всеукраїнське об’єднання “Батьківщина”,Миколаївська районна організація,25255505,Львівська область,2017-06-30,2,2017,
"ПАТ КБ ""Приватбанк""",поточний рахунок,26005055114158,0,Всеукраїнське об’єднання “Батьківщина”,Монастириська районна організація,25782392,Тернопільська область,2017-06-30,2,2017,
"АТ ""Ощадбанк""",поточний рахунок,26009300575333,"119,86",Всеукраїнське об’єднання “Батьківщина”,Моршинська міська організація,33892119,Львівська область,2017-06-30,2,2017,
"АТ ""Ощадбанк""",поточний рахунок,26009300552505,243,Всеукраїнське об’єднання “Батьківщина”,Мостиська районна організація,25257639,Львівська область ,2017-06-30,2,2017,
"АТ ""Ощадбанк""",поточний рахунок,26008300794908,"86,29",Всеукраїнське об’єднання “Батьківщина”,Нетішинська міська організація,25835036,Хмельницька область,2017-06-30,2,2017,
"ПАТ КБ ""Приватбанк""",поточний рахунок,26006053726475,0,Всеукраїнське об’єднання “Батьківщина”,Новоайдарська районна організація,36836900,Луганська область,2017-06-30,2,2017,
"АБ ""Укргазбанк""",поточний рахунок,26004924421291,0,Всеукраїнське об’єднання “Батьківщина”,Новоград-Волинська районна організація,33852689,Житомирська область,2017-06-30,2,2017,
"АТ ""Ощадбанк""",поточний рахунок,26002300553222,"898,46",Всеукраїнське об’єднання “Батьківщина”,Новороздільська міська організація,33756901,Львівська область,2017-06-30,2,2017,
"ПАТ ""Марфін банк""",поточний рахунок,26000283851,"437,77",Всеукраїнське об’єднання “Батьківщина”,Одеська міська організація,26133589,Одеська область,2017-06-30,2,2017,
"ПАТ ""Марфін банк""",поточний рахунок,26004251221,"437,77",Всеукраїнське об’єднання “Батьківщина”,Одеська міська організація,26133589,Одеська область,2017-06-30,2,2017,
"ПАТ КБ ""Приватбанк""",поточний рахунок,26004055811657,0,Всеукраїнське об’єднання “Батьківщина”,Олевська районна організація,33889525,Житомирська область,2017-06-30,2,2017,
"ПАТ КБ ""Приватбанк""",поточний рахунок,26004055015693,"486,19",Всеукраїнське об’єднання “Батьківщина”,Охтирська міська організація,24016891,Сумська область,2017-06-30,2,2017,
"ПАТ КБ ""Приватбанк""",поточний рахунок,26000053218304,0,Всеукраїнське об’єднання “Батьківщина”,Первомайська міська організація,26029254,Миколаївська область,2017-06-30,2,2017,
"АТ ""Ощадбанк""",поточний рахунок,26001300558013,0,Всеукраїнське об’єднання “Батьківщина”,Перемишлянська районна організація,25258981,Львівська область ,2017-06-30,2,2017,
"АТ ""Ощадбанк""",поточний рахунок,26002300631820,0,Всеукраїнське об’єднання “Батьківщина”,Підволочиська районна організація,25782110,Тернопільська область,2017-06-30,2,2017,
"ПАТ КБ ""Приватбанк""",поточний рахунок,26004052300441,0,Всеукраїнське об’єднання “Батьківщина”,Полонська районна організація,25834901,Хмельницька область,2017-06-30,2,2017,
"ПАТ КБ ""Приватбанк""",поточний рахунок,26002300724001,0,Всеукраїнське об’єднання “Батьківщина”,Полтавська обласна організація,25784681,Полтавська область,2017-06-30,2,2017,
"АТ ""Райффайзен банк Аваль""",поточний рахунок,26009543306,0,Всеукраїнське об’єднання “Батьківщина”,Попільнянська районна організація,33864810,Житомирська область,2017-06-30,2,2017,
"ПАТ КБ ""Приватбанк""",поточний рахунок,26003051530657,0,Всеукраїнське об’єднання “Батьківщина”,Придніпровська районна організація,40860122,Черкаська область,2017-06-30,2,2017,
"АТ ""Ощадбанк""",поточний рахунок,26006300560460,"175,78",Всеукраїнське об’єднання “Батьківщина”,Пустомитівська районна організація,25253883,Львівська область ,2017-06-30,2,2017,
"ПАТ КБ ""Приватбанк""",поточний рахунок,26004055024112,0,Всеукраїнське об’єднання “Батьківщина”,Путивльська районна організація,24016230,Сумська область,2017-06-30,2,2017,
"АТ ""Ощадбанк""",поточний рахунок,26006300560459,"343,56",Всеукраїнське об’єднання “Батьківщина”,Радехівська районна організація,25259791,Львівська область ,2017-06-30,2,2017,
"АТ ""Ощадбанк""",поточний рахунок,26004301975917,"1744,12",Всеукраїнське об’єднання “Батьківщина”,Рівненська обласна організація,25797672,Рівненська область,2017-06-30,2,2017,
"ПАТ КБ ""Приватбанк""",поточний рахунок,26004054715319,0,Всеукраїнське об’єднання “Батьківщина”,Рівненська районна організація,25930585,Рівненська область,2017-06-30,2,2017,
"ПАТ КБ ""Приватбанк""",поточний рахунок,26006055512381,"65,63",Всеукраїнське об’єднання “Батьківщина”,Рожищенська районна організація,25909970,Волинська область,2017-06-30,2,2017,
"ПАТ КБ ""Приватбанк""",поточний рахунок,26009053160853,705,Всеукраїнське об’єднання “Батьківщина”,Рокитнянська районна організація,26078651,Київська область,2017-06-30,2,2017,
"ПАТ КБ ""Приватбанк""",поточний рахунок,26002055023018,0,Всеукраїнське об’єднання “Батьківщина”,Роменська міська організація,24015986,Сумська область,2017-06-30,2,2017,
"АТ ""Ощадбанк""",поточний рахунок,26002300562309,"207,76",Всеукраїнське об’єднання “Батьківщина”,Самбірська міська організація,33865132,Львівська область ,2017-06-30,2,2017,
"АТ ""Ощадбанк""",поточний рахунок,26001300554169,0,Всеукраїнське об’єднання “Батьківщина”,Самбірська районна організація,33408061,Львівська область ,2017-06-30,2,2017,
"АТ ""Ощадбанк""",поточний рахунок,260063012594,"81,01",Всеукраїнське об’єднання “Батьківщина”,Сарненська районна організація,25930355,Рівненська область,2017-06-30,2,2017,
"АТ ""Ощадбанк""",поточний рахунок,26009300560553,"522,68",Всеукраїнське об’єднання “Батьківщина”,Сихівська районна організація,26307138,Львівська область,2017-06-30,2,2017,
"ПАТ КБ ""Приватбанк""",поточний рахунок,26005053153239,0,Всеукраїнське об’єднання “Батьківщина”,Сквирська районна організація,25950665,Київська область,2017-06-30,2,2017,
"АТ ""Ощадбанк""",поточний рахунок,26002300562848,426,Всеукраїнське об’єднання “Батьківщина”,Сколівська районна організація,25257125,Львівська область ,2017-06-30,2,2017,
"ПАТ КБ ""Приватбанк""",поточний рахунок,26000052300241,0,Всеукраїнське об’єднання “Батьківщина”,Славутська міська організація,25834887,Хмельницька область,2017-06-30,2,2017,
"ПАТ КБ ""Приватбанк""",поточний рахунок,26006052303480,"77,88",Всеукраїнське об’єднання “Батьківщина”,Славутська районна організація,25889581,Хмельницька область,2017-06-30,2,2017,
"АТ ""Ощадбанк""",поточний рахунок,26003300165846,"4484,66",Всеукраїнське об’єднання “Батьківщина”,Сокальська районна організація,25257579,Львівська область ,2017-06-30,2,2017,
"ПАТ КБ ""Приватбанк""",поточний рахунок,26004053170161,0,Всеукраїнське об’єднання “Батьківщина”,Ставищенська районна організація,26078716,Київська область,2017-06-30,2,2017,
"ПАТ КБ ""Приватбанк""",поточний рахунок,26004053722722,0,Всеукраїнське об’єднання “Батьківщина”,Старобільська районна організація,34962307,Луганська область,2017-06-30,2,2017,
"ПАТ КБ ""Приватбанк""",поточний рахунок,26001052301852,0,Всеукраїнське об’єднання “Батьківщина”,Старокостянтинівська районна організація,25834663,Хмельницька область,2017-06-30,2,2017,
"ПАТ КБ ""Приватбанк""",поточний рахунок,26005052424133,0,Всеукраїнське об’єднання “Батьківщина”,Старокостянтинівська міська організація,25834673,Хмельницька область,2017-06-30,2,2017,
"АТ ""Ощадбанк""",поточний рахунок,26004300570593,"62,09",Всеукраїнське об’єднання “Батьківщина”,Старосамбірська районна організація,25261339,Львівська область ,2017-06-30,2,2017,
"ПАТ КБ ""Приватбанк""",поточний рахунок,26004052315920,0,Всеукраїнське об’єднання “Батьківщина”,Старосинявська районна організація,25921586,Хмельницька область,2017-06-30,2,2017,
"АТ ""Ощадбанк""",поточний рахунок,26002300558023,"203,79",Всеукраїнське об’єднання “Батьківщина”,Стрийська міська організація,25254014,Львівська область,2017-06-30,2,2017,
"АТ ""Ощадбанк""",поточний рахунок,26006300560404,"116,33",Всеукраїнське об’єднання “Батьківщина”,Стрийська районна організація,26127011,Львівська область,2017-06-30,2,2017,
"ПАТ КБ ""Приватбанк""",поточний рахунок,26002055019839,"274,14",Всеукраїнське об’єднання “Батьківщина”,Сумська міська організація,24016224,Сумська область,2017-06-30,2,2017,
"ПАТ КБ ""Приватбанк""",поточний рахунок,26009055022131,"3338,48",Всеукраїнське об’єднання “Батьківщина”,Сумська обласна організація,24011118,Сумська область,2017-06-30,2,2017,
"ПАТ КБ ""Приватбанк""",поточний рахунок,26000055019972,98,Всеукраїнське об’єднання “Батьківщина”,Сумська районна організація,36234682,Сумська область,2017-06-30,2,2017,
"АТ ""Ощадбанк""",поточний рахунок,26008300277970,"222,94",Всеукраїнське об’єднання “Батьківщина”,Таращанська районна організація,25822878,Київська область,2017-06-30,2,2017,
"АТ ""Ощадбанк""",поточний рахунок,26000052404545,"103,4",Всеукраїнське об’єднання “Батьківщина”,Теофіпольська районна організація,25834657,Хмельницька область,2017-06-30,2,2017,
"ПАТ КБ ""Приватбанк""",поточний рахунок,6007055117807,3100,Всеукраїнське об’єднання “Батьківщина”,Тернопільська міська організація,25888021,Тернопільська область,2017-06-30,2,2017,
"АТ ""Райффайзен банк Аваль""",поточний рахунок,26005209741,"1198,45",Всеукраїнське об’єднання “Батьківщина”,Тернопільська обласна організація,25781561,Тернопільська область,2017-06-30,2,2017,
"ПАТ КБ ""Приватбанк""",поточний рахунок,26004053161352,0,Всеукраїнське об’єднання “Батьківщина”,Тетіївська районна організація,36178843,Київська область,2017-06-30,2,2017,
"ПАТ КБ ""Приватбанк""",поточний рахунок,26004055024372,"15,42",Всеукраїнське об’єднання “Батьківщина”,Тростянецька районна організація,25962237,Сумська область,2017-06-30,2,2017,
"ПАТ КБ ""Приватбанк""",поточний рахунок,2600705372085,"159,19",Всеукраїнське об’єднання “Батьківщина”,Трускавецька міська організація,25255149,Львівська область,2017-06-30,2,2017,
"АТ ""Ощадбанк""",поточний рахунок,260033012203,"1163,68",Всеукраїнське об’єднання “Батьківщина”,Турківська районна організація,25259806,Львівська область ,2017-06-30,2,2017,
"ПАТ КБ ""Приватбанк""",поточний рахунок,26009053006274,43,Всеукраїнське об’єднання “Батьківщина”,Фастівська районна організація,26078703,Київська область,2017-06-30,2,2017,
"АТ ""Ощадбанк""",поточний рахунок,26008300566138,1,Всеукраїнське об’єднання “Батьківщина”,Франківська районна організація,25257220,Львівська область,2017-06-30,2,2017,
"АТ ""Райффайзен банк Аваль""",поточний рахунок,26009378667,"46031,54",Всеукраїнське об’єднання “Батьківщина”,Харківська обласна організація,25792203,Харківська область,2017-06-30,2,2017,
"ПАТ КБ ""Приватбанк""",поточний рахунок,2600705052200720,0,Всеукраїнське об’єднання “Батьківщина”,Херсонська міська організація,25801563,Херсонська область,2017-06-30,2,2017,
"ПАТ КБ ""Приватбанк""",поточний рахунок,26007052205592,"126,62",Всеукраїнське об’єднання “Батьківщина”,Херсонська обласна організація,25801864,Херсонська область,2017-06-30,2,2017,
"ПАТ ""Укрсоцбанк""",поточний рахунок,26004011542602,"267,6",Всеукраїнське об’єднання “Батьківщина”,Хмельницька міська організація,25879370,Хмельницька область,2017-06-30,2,2017,
"ПАТ ""Укрсоцбанк""",поточний рахунок,26052011661245,0,Всеукраїнське об’єднання “Батьківщина”,Хмельницька міська організація,25879370,Хмельницька область,2017-06-30,2,2017,
"АТ ""Ощадбанк""",поточний рахунок,26008300794470,"18,99",Всеукраїнське об’єднання “Батьківщина”,Хмельницька обласна організація,22777686,Хмельницька область,2017-06-30,2,2017,
"АТ ""Ощадбанк""",поточний рахунок,26006300952455,0,Всеукраїнське об’єднання “Батьківщина”,Хорошівська районна організація,33920203,Житомирська область,2017-06-30,2,2017,
"АТ ""Ощадбанк""",поточний рахунок,26001300585503,"84,48",Всеукраїнське об’єднання “Батьківщина”,Червоноградська міська організація,25262652,Львівська область,2017-06-30,2,2017,
"ПАТ КБ ""Приватбанк""",поточний рахунок,260011051524483,"160,38",Всеукраїнське об’єднання “Батьківщина”,Черкаська міська організація,25947918,Черкаська область,2017-06-30,2,2017,
"ПАТ КБ ""Приватбанк""",поточний рахунок,26009051544283,"9011,62",Всеукраїнське об’єднання “Батьківщина”,Черкаська міська організація,25947918,Черкаська область,2017-06-30,2,2017,
"ПАТ КБ ""Приватбанк""",поточний рахунок,26003051521053,"6,86",Всеукраїнське об’єднання “Батьківщина”,Черкаська обласна організація,25770087,Черкаська область,2017-06-30,2,2017,
"ПАТ КБ ""Приватбанк""",поточний рахунок,26059051509847,"52,97",Всеукраїнське об’єднання “Батьківщина”,Черкаська обласна організація,25770087,Черкаська область,2017-06-30,2,2017,
"АТ ""Ощадбанк""",поточний рахунок,26005300496931,0,Всеукраїнське об’єднання “Батьківщина”,Чернівецька обласна організація,21436173,Чернівецька область,2017-06-30,2,2017,
"ПАТ КБ ""Приватбанк""",поточний рахунок,26009050016918,"7584,48",Всеукраїнське об’єднання “Батьківщина”,Чернігівська обласна організація,25785516,Чернігівська область,2017-06-30,2,2017,
"АТ ""Ощадбанк""",поточний рахунок,26004300949556,0,Всеукраїнське об’єднання “Батьківщина”,Чуднівська районна організація,33811794,Житомирська область,2017-06-30,2,2017,
"ПАТ КБ ""Приватбанк""",рахунок виборчого фонду політичної партії,26008055332654,0,Всеукраїнське об’єднання “Батьківщина”,Шаргородська районна організація,25962125,Вінницька область ,2017-06-30,2,2017,
"ПАТ КБ ""Приватбанк""",поточний рахунок,26003052405336,"85,06",Всеукраїнське об’єднання “Батьківщина”,Шепетівська міська організація,25993226,Хмельницька область,2017-06-30,2,2017,
"ПАТ КБ ""Приватбанк""",поточний рахунок,26058052404371,0,Всеукраїнське об’єднання “Батьківщина”,Шепетівська міська організація,25993226,Хмельницька область,2017-06-30,2,2017,
"ПАТ КБ ""Приватбанк""",поточний рахунок,26000055023775,0,Всеукраїнське об’єднання “Батьківщина”,Шосткинська міська організація,24015880,Сумська область,2017-06-30,2,2017,
"АТ ""Ощадбанк""",поточний рахунок,26006300564507,"878,96",Всеукраїнське об’єднання “Батьківщина”,Яворівська районна організація,25258975,Львівська область ,2017-06-30,2,2017,
"АТ ""Ощадбанк""",поточний рахунок,26000300390509,0,Всеукраїнське об’єднання “Батьківщина”,Яготинська районна організація,25951156,Київська область,2017-06-30,2,2017,
"ПАТ КБ ""Приватбанк""",поточний рахунок,26001052314656,0,Всеукраїнське об’єднання “Батьківщина”,Ярмолинецька районна організація,25834150,Хмельницька область,2017-06-30,2,2017,
"ПАТ КБ ""Приватбанк""",поточний рахунок,26002055020259,"4,8",Всеукраїнське об’єднання “Батьківщина”,Краснопільська районна організація,24015897,Сумська область,2017-06-30,2,2017,
